"Series Key",PET.EMM_EPM0_PTE_SNY_DPG.W,"Series Key",PET.EMM_EPM0_PTE_R10_DPG.W
"Series Name","PET.EMM_EPM0_PTE_SNY_DPG.W, weekly","Series Name","PET.EMM_EPM0_PTE_R10_DPG.W, weekly"
Units,$/GAL,Units,$/GAL
Frequency,W,Frequency,W
"Start Date",20260420,"Start Date",20260420
"End Date",20000605,"End Date",19930405
Source,"EIA, U.S. Energy Information Administration",Source,"EIA, U.S. Energy Information Administration"

20260420,4.128,20260420,4.003
20260413,4.181,20260413,4.068
20260406,4.135,20260406,4.112
20260330,3.968,20260330,3.928
20260323,3.916,20260323,3.897
20260316,3.654,20260316,3.689
20260309,3.477,20260309,3.473
20260302,3.035,20260302,3
20260223,3.017,20260223,2.952
20260216,3.009,20260216,2.95
20260209,3.001,20260209,2.937
20260202,3.006,20260202,2.937
20260126,2.985,20260126,2.918
20260119,2.988,20260119,2.881
20260112,3.011,20260112,2.859
20260105,3.036,20260105,2.895
20251229,3.055,20251229,2.9
20251222,3.079,20251222,2.938
20251215,3.116,20251215,2.96
20251208,3.147,20251208,3.009
20251201,3.166,20251201,3.048
20251124,3.19,20251124,3.1
20251117,3.186,20251117,3.068
20251110,3.161,20251110,3.027
20251103,3.131,20251103,3.033
20251027,3.124,20251027,3.026
20251020,3.139,20251020,3.018
20251013,3.18,20251013,3.067
20251006,3.202,20251006,3.097
20250929,3.229,20250929,3.097
20250922,3.252,20250922,3.143
20250915,3.29,20250915,3.131
20250908,3.286,20250908,3.175
20250901,3.227,20250901,3.126
20250825,3.187,20250825,3.101
20250818,3.194,20250818,3.11
20250811,3.201,20250811,3.118
20250804,3.222,20250804,3.129
20250728,3.188,20250728,3.112
20250721,3.206,20250721,3.119
20250714,3.209,20250714,3.1
20250707,3.223,20250707,3.132
20250630,3.251,20250630,3.143
20250623,3.265,20250623,3.183
20250616,3.17,20250616,3.096
20250609,3.132,20250609,3.061
20250602,3.157,20250602,3.088
20250526,3.183,20250526,3.108
20250519,3.195,20250519,3.103
20250512,3.154,20250512,3.06
20250505,3.163,20250505,3.11
20250428,3.154,20250428,3.1
20250421,3.152,20250421,3.096
20250414,3.143,20250414,3.127
20250407,3.199,20250407,3.19
20250331,3.164,20250331,3.104
20250324,3.141,20250324,3.076
20250317,3.127,20250317,3.061
20250310,3.147,20250310,3.058
20250303,3.18,20250303,3.089
20250224,3.212,20250224,3.124
20250217,3.218,20250217,3.135
20250210,3.223,20250210,3.161
20250203,3.217,20250203,3.13
20250127,3.232,20250127,3.186
20250120,3.225,20250120,3.179
20250113,3.188,20250113,3.11
20250106,3.181,20250106,3.101
20241230,3.169,20241230,3.068
20241223,3.183,20241223,3.057
20241216,3.192,20241216,3.102
20241209,3.209,20241209,3.11
20241202,3.215,20241202,3.101
20241125,3.211,20241125,3.122
20241118,3.18,20241118,3.113
20241111,3.196,20241111,3.114
20241104,3.206,20241104,3.102
20241028,3.24,20241028,3.156
20241021,3.255,20241021,3.165
20241014,3.277,20241014,3.154
20241007,3.227,20241007,3.121
20240930,3.249,20240930,3.172
20240923,3.312,20240923,3.165
20240916,3.351,20240916,3.198
20240909,3.401,20240909,3.262
20240902,3.471,20240902,3.345
20240826,3.506,20240826,3.365
20240819,3.541,20240819,3.41
20240812,3.563,20240812,3.436
20240805,3.584,20240805,3.484
20240729,3.627,20240729,3.504
20240722,3.642,20240722,3.518
20240715,3.637,20240715,3.573
20240708,3.648,20240708,3.558
20240701,3.606,20240701,3.497
20240624,3.581,20240624,3.473
20240617,3.592,20240617,3.468
20240610,3.616,20240610,3.48
20240603,3.661,20240603,3.551
20240527,3.691,20240527,3.592
20240520,3.707,20240520,3.581
20240513,3.736,20240513,3.597
20240506,3.756,20240506,3.654
20240429,3.752,20240429,3.646
20240422,3.757,20240422,3.644
20240415,3.571,20240415,3.555
20240408,3.506,20240408,3.495
20240401,3.483,20240401,3.485
20240325,3.476,20240325,3.492
20240318,3.404,20240318,3.452
20240311,3.391,20240311,3.37
20240304,3.4,20240304,3.346
20240226,3.34,20240226,3.311
20240219,3.343,20240219,3.336
20240212,3.306,20240212,3.26
20240205,3.287,20240205,3.226
20240129,3.276,20240129,3.192
20240122,3.242,20240122,3.133
20240115,3.255,20240115,3.149
20240108,3.322,20240108,3.186
20240101,3.337,20240101,3.197
20231225,3.363,20231225,3.227
20231218,3.385,20231218,3.162
20231211,3.452,20231211,3.234
20231204,3.498,20231204,3.316
20231127,3.542,20231127,3.267
20231120,3.555,20231120,3.276
20231113,3.601,20231113,3.319
20231106,3.655,20231106,3.36
20231030,3.718,20231030,3.436
20231023,3.764,20231023,3.457
20231016,3.796,20231016,3.505
20231009,3.822,20231009,3.583
20231002,3.893,20231002,3.644
20230925,3.914,20230925,3.702
20230918,3.96,20230918,3.757
20230911,3.912,20230911,3.736
20230904,3.914,20230904,3.758
20230828,3.942,20230828,3.779
20230821,3.961,20230821,3.829
20230814,3.971,20230814,3.812
20230807,3.969,20230807,3.836
20230731,3.86,20230731,3.746
20230724,3.726,20230724,3.59
20230717,3.685,20230717,3.525
20230710,3.695,20230710,3.531
20230703,3.701,20230703,3.475
20230626,3.706,20230626,3.506
20230619,3.706,20230619,3.518
20230612,3.696,20230612,3.531
20230605,3.706,20230605,3.512
20230529,3.711,20230529,3.529
20230522,3.675,20230522,3.483
20230515,3.679,20230515,3.499
20230508,3.691,20230508,3.528
20230501,3.74,20230501,3.592
20230424,3.726,20230424,3.642
20230417,3.658,20230417,3.609
20230410,3.58,20230410,3.558
20230403,3.536,20230403,3.455
20230327,3.459,20230327,3.396
20230320,3.474,20230320,3.405
20230313,3.491,20230313,3.413
20230306,3.462,20230306,3.343
20230227,3.443,20230227,3.344
20230220,3.487,20230220,3.392
20230213,3.527,20230213,3.44
20230206,3.566,20230206,3.505
20230130,3.588,20230130,3.563
20230123,3.536,20230123,3.483
20230116,3.443,20230116,3.36
20230109,3.434,20230109,3.318
20230102,3.415,20230102,3.31
20221226,3.398,20221226,3.173
20221219,3.472,20221219,3.22
20221212,3.555,20221212,3.326
20221205,3.705,20221205,3.455
20221128,3.781,20221128,3.569
20221121,3.85,20221121,3.637
20221114,3.919,20221114,3.708
20221107,3.946,20221107,3.687
20221031,3.849,20221031,3.618
20221024,3.69,20221024,3.576
20221017,3.717,20221017,3.619
20221010,3.659,20221010,3.573
20221003,3.586,20221003,3.433
20220926,3.646,20220926,3.505
20220919,3.743,20220919,3.554
20220912,3.844,20220912,3.623
20220905,3.943,20220905,3.71
20220829,4.095,20220829,3.818
20220822,4.192,20220822,3.866
20220815,4.273,20220815,3.954
20220808,4.36,20220808,4.066
20220801,4.46,20220801,4.192
20220725,4.543,20220725,4.303
20220718,4.639,20220718,4.442
20220711,4.743,20220711,4.569
20220704,4.86,20220704,4.688
20220627,4.932,20220627,4.784
20220620,4.985,20220620,4.879
20220613,5.032,20220613,4.938
20220606,4.865,20220606,4.808
20220530,4.943,20220530,4.636
20220523,4.935,20220523,4.616
20220516,4.821,20220516,4.517
20220509,4.548,20220509,4.321
20220502,4.343,20220502,4.175
20220425,4.201,20220425,4.067
20220418,4.136,20220418,4.012
20220411,4.179,20220411,4.051
20220404,4.235,20220404,4.13
20220328,4.311,20220328,4.176
20220321,4.351,20220321,4.211
20220314,4.437,20220314,4.349
20220307,4.376,20220307,4.178
20220228,3.825,20220228,3.643
20220221,3.766,20220221,3.583
20220214,3.712,20220214,3.534
20220207,3.599,20220207,3.472
20220131,3.546,20220131,3.395
20220124,3.491,20220124,3.332
20220117,3.469,20220117,3.321
20220110,3.472,20220110,3.308
20220103,3.494,20220103,3.321
20211227,3.504,20211227,3.328
20211220,3.513,20211220,3.34
20211213,3.521,20211213,3.359
20211206,3.522,20211206,3.38
20211129,3.572,20211129,3.421
20211122,3.571,20211122,3.429
20211115,3.573,20211115,3.417
20211108,3.565,20211108,3.421
20211101,3.562,20211101,3.424
20211025,3.552,20211025,3.418
20211018,3.474,20211018,3.322
20211011,3.383,20211011,3.262
20211004,3.286,20211004,3.163
20210927,3.293,20210927,3.158
20210920,3.302,20210920,3.167
20210913,3.3,20210913,3.136
20210906,3.304,20210906,3.146
20210830,3.249,20210830,3.101
20210823,3.219,20210823,3.105
20210816,3.226,20210816,3.12
20210809,3.211,20210809,3.121
20210802,3.229,20210802,3.107
20210726,3.194,20210726,3.09
20210719,3.202,20210719,3.103
20210712,3.201,20210712,3.091
20210705,3.186,20210705,3.087
20210628,3.156,20210628,3.057
20210621,3.146,20210621,3.04
20210614,3.135,20210614,3.043
20210607,3.088,20210607,3.01
20210531,3.062,20210531,3.007
20210524,3.068,20210524,3.013
20210517,3.061,20210517,3.016
20210510,3.017,20210510,2.941
20210503,2.943,20210503,2.855
20210426,2.909,20210426,2.837
20210419,2.875,20210419,2.828
20210412,2.87,20210412,2.831
20210405,2.899,20210405,2.842
20210329,2.899,20210329,2.855
20210322,2.907,20210322,2.883
20210315,2.902,20210315,2.864
20210308,2.845,20210308,2.78
20210301,2.809,20210301,2.729
20210222,2.721,20210222,2.68
20210215,2.611,20210215,2.548
20210208,2.573,20210208,2.515
20210201,2.529,20210201,2.455
20210125,2.52,20210125,2.45
20210118,2.48,20210118,2.425
20210111,2.391,20210111,2.372
20210104,2.332,20210104,2.296
20201228,2.32,20201228,2.276
20201221,2.319,20201221,2.269
20201214,2.254,20201214,2.219
20201207,2.244,20201207,2.216
20201130,2.226,20201130,2.185
20201123,2.225,20201123,2.152
20201116,2.226,20201116,2.152
20201109,2.217,20201109,2.127
20201102,2.223,20201102,2.149
20201026,2.234,20201026,2.173
20201019,2.243,20201019,2.196
20201012,2.241,20201012,2.209
20201005,2.241,20201005,2.208
20200928,2.247,20200928,2.186
20200921,2.256,20200921,2.192
20200914,2.275,20200914,2.216
20200907,2.307,20200907,2.244
20200831,2.315,20200831,2.233
20200824,2.242,20200824,2.174
20200817,2.251,20200817,2.165
20200810,2.255,20200810,2.171
20200803,2.267,20200803,2.183
20200727,2.273,20200727,2.172
20200720,2.283,20200720,2.184
20200713,2.279,20200713,2.19
20200706,2.272,20200706,2.179
20200629,2.271,20200629,2.164
20200622,2.25,20200622,2.129
20200615,2.224,20200615,2.101
20200608,2.21,20200608,2.029
20200601,2.189,20200601,1.995
20200525,2.189,20200525,1.987
20200518,2.17,20200518,1.917
20200511,2.16,20200511,1.898
20200504,2.124,20200504,1.878
20200427,2.136,20200427,1.894
20200420,2.189,20200420,1.929
20200413,2.229,20200413,1.962
20200406,2.267,20200406,2.006
20200330,2.31,20200330,2.064
20200323,2.376,20200323,2.166
20200316,2.455,20200316,2.274
20200309,2.547,20200309,2.382
20200302,2.57,20200302,2.43
20200224,2.584,20200224,2.478
20200217,2.587,20200217,2.443
20200210,2.609,20200210,2.448
20200203,2.635,20200203,2.472
20200127,2.673,20200127,2.527
20200120,2.705,20200120,2.572
20200113,2.725,20200113,2.595
20200106,2.722,20200106,2.613
20191230,2.688,20191230,2.576
20191223,2.683,20191223,2.54
20191216,2.656,20191216,2.535
20191209,2.661,20191209,2.554
20191202,2.664,20191202,2.554
20191125,2.67,20191125,2.538
20191118,2.674,20191118,2.53
20191111,2.684,20191111,2.552
20191104,2.671,20191104,2.553
20191028,2.67,20191028,2.531
20191021,2.662,20191021,2.559
20191014,2.673,20191014,2.54
20191007,2.699,20191007,2.564
20190930,2.72,20190930,2.584
20190923,2.732,20190923,2.615
20190916,2.696,20190916,2.53
20190909,2.735,20190909,2.539
20190902,2.756,20190902,2.557
20190826,2.794,20190826,2.561
20190819,2.807,20190819,2.594
20190812,2.836,20190812,2.629
20190805,2.852,20190805,2.673
20190729,2.861,20190729,2.703
20190722,2.878,20190722,2.745
20190715,2.874,20190715,2.752
20190708,2.86,20190708,2.733
20190701,2.866,20190701,2.699
20190624,2.808,20190624,2.617
20190617,2.838,20190617,2.633
20190610,2.878,20190610,2.695
20190603,2.914,20190603,2.737
20190527,2.934,20190527,2.77
20190520,2.967,20190520,2.796
20190513,2.98,20190513,2.826
20190506,2.985,20190506,2.863
20190429,2.97,20190429,2.85
20190422,2.884,20190422,2.803
20190415,2.844,20190415,2.788
20190408,2.781,20190408,2.722
20190401,2.723,20190401,2.688
20190325,2.704,20190325,2.637
20190318,2.668,20190318,2.588
20190311,2.588,20190311,2.501
20190304,2.529,20190304,2.457
20190225,2.516,20190225,2.422
20190218,2.435,20190218,2.34
20190211,2.457,20190211,2.311
20190204,2.47,20190204,2.319
20190128,2.487,20190128,2.324
20190121,2.504,20190121,2.318
20190114,2.521,20190114,2.295
20190107,2.556,20190107,2.293
20181231,2.583,20181231,2.328
20181224,2.63,20181224,2.373
20181217,2.675,20181217,2.428
20181210,2.721,20181210,2.459
20181203,2.755,20181203,2.498
20181126,2.802,20181126,2.573
20181119,2.836,20181119,2.629
20181112,2.881,20181112,2.696
20181105,2.938,20181105,2.754
20181029,2.955,20181029,2.807
20181022,2.975,20181022,2.849
20181015,2.989,20181015,2.88
20181008,2.998,20181008,2.898
20181001,2.969,20181001,2.865
20180924,2.969,20180924,2.843
20180917,2.988,20180917,2.857
20180910,2.98,20180910,2.856
20180903,2.968,20180903,2.845
20180827,2.972,20180827,2.834
20180820,2.978,20180820,2.846
20180813,2.98,20180813,2.872
20180806,2.983,20180806,2.871
20180730,2.979,20180730,2.86
20180723,2.975,20180723,2.845
20180716,3,20180716,2.87
20180709,3.004,20180709,2.849
20180702,3.007,20180702,2.838
20180625,3.011,20180625,2.83
20180618,3.044,20180618,2.868
20180611,3.079,20180611,2.908
20180604,3.083,20180604,2.947
20180528,3.089,20180528,2.976
20180521,3.079,20180521,2.927
20180514,2.997,20180514,2.885
20180507,3.036,20180507,2.938
20180430,3.03,20180430,2.935
20180423,2.998,20180423,2.897
20180416,2.903,20180416,2.833
20180409,2.821,20180409,2.786
20180402,2.837,20180402,2.795
20180326,2.799,20180326,2.74
20180319,2.732,20180319,2.687
20180312,2.728,20180312,2.661
20180305,2.751,20180305,2.685
20180226,2.762,20180226,2.68
20180219,2.784,20180219,2.709
20180212,2.814,20180212,2.754
20180205,2.827,20180205,2.761
20180129,2.812,20180129,2.735
20180122,2.76,20180122,2.705
20180115,2.735,20180115,2.666
20180108,2.721,20180108,2.65
20180101,2.697,20180101,2.641
20171225,2.653,20171225,2.576
20171218,2.663,20171218,2.588
20171211,2.687,20171211,2.614
20171204,2.715,20171204,2.638
20171127,2.722,20171127,2.655
20171120,2.735,20171120,2.672
20171113,2.749,20171113,2.692
20171106,2.711,20171106,2.623
20171030,2.673,20171030,2.595
20171023,2.68,20171023,2.596
20171016,2.708,20171016,2.619
20171009,2.736,20171009,2.669
20171002,2.788,20171002,2.737
20170925,2.829,20170925,2.785
20170918,2.871,20170918,2.833
20170911,2.91,20170911,2.871
20170904,2.891,20170904,2.864
20170828,2.56,20170828,2.485
20170821,2.552,20170821,2.451
20170814,2.561,20170814,2.474
20170807,2.571,20170807,2.481
20170731,2.538,20170731,2.453
20170724,2.502,20170724,2.411
20170717,2.485,20170717,2.365
20170710,2.489,20170710,2.372
20170703,2.494,20170703,2.354
20170626,2.516,20170626,2.379
20170619,2.539,20170619,2.417
20170612,2.571,20170612,2.458
20170605,2.588,20170605,2.493
20170529,2.593,20170529,2.486
20170522,2.568,20170522,2.474
20170515,2.58,20170515,2.467
20170508,2.594,20170508,2.493
20170501,2.608,20170501,2.531
20170424,2.622,20170424,2.559
20170417,2.62,20170417,2.541
20170410,2.576,20170410,2.519
20170403,2.513,20170403,2.45
20170327,2.493,20170327,2.423
20170320,2.503,20170320,2.414
20170313,2.507,20170313,2.421
20170306,2.509,20170306,2.433
20170227,2.525,20170227,2.433
20170220,2.546,20170220,2.439
20170213,2.547,20170213,2.439
20170206,2.559,20170206,2.447
20170130,2.583,20170130,2.466
20170123,2.602,20170123,2.491
20170116,2.61,20170116,2.516
20170109,2.629,20170109,2.537
20170102,2.622,20170102,2.528
20161226,2.567,20161226,2.456
20161219,2.52,20161219,2.433
20161212,2.491,20161212,2.403
20161205,2.467,20161205,2.376
20161128,2.45,20161128,2.312
20161121,2.449,20161121,2.318
20161114,2.473,20161114,2.362
20161107,2.496,20161107,2.384
20161031,2.466,20161031,2.361
20161024,2.464,20161024,2.374
20161017,2.435,20161017,2.38
20161010,2.43,20161010,2.372
20161003,2.397,20161003,2.347
20160926,2.383,20160926,2.345
20160919,2.379,20160919,2.334
20160912,2.381,20160912,2.291
20160905,2.405,20160905,2.314
20160829,2.399,20160829,2.314
20160822,2.38,20160822,2.27
20160815,2.374,20160815,2.221
20160808,2.384,20160808,2.21
20160801,2.419,20160801,2.244
20160725,2.437,20160725,2.263
20160718,2.457,20160718,2.296
20160711,2.468,20160711,2.336
20160704,2.486,20160704,2.369
20160627,2.496,20160627,2.392
20160620,2.507,20160620,2.412
20160613,2.509,20160613,2.441
20160606,2.504,20160606,2.447
20160530,2.505,20160530,2.42
20160523,2.469,20160523,2.384
20160516,2.449,20160516,2.35
20160509,2.448,20160509,2.35
20160502,2.435,20160502,2.346
20160425,2.376,20160425,2.258
20160418,2.344,20160418,2.23
20160411,2.263,20160411,2.168
20160404,2.244,20160404,2.165
20160328,2.222,20160328,2.155
20160321,2.132,20160321,2.075
20160314,2.095,20160314,2.02
20160307,2.036,20160307,1.918
20160229,2.025,20160229,1.88
20160222,2.042,20160222,1.876
20160215,2.05,20160215,1.898
20160208,2.102,20160208,1.936
20160201,2.133,20160201,1.977
20160125,2.173,20160125,2.006
20160118,2.2,20160118,2.045
20160111,2.263,20160111,2.11
20160104,2.294,20160104,2.138
20151228,2.321,20151228,2.154
20151221,2.339,20151221,2.173
20151214,2.348,20151214,2.182
20151207,2.382,20151207,2.21
20151130,2.398,20151130,2.223
20151123,2.401,20151123,2.243
20151116,2.421,20151116,2.291
20151109,2.431,20151109,2.299
20151102,2.393,20151102,2.25
20151026,2.41,20151026,2.264
20151019,2.442,20151019,2.299
20151012,2.457,20151012,2.33
20151005,2.46,20151005,2.309
20150928,2.512,20150928,2.321
20150921,2.546,20150921,2.337
20150914,2.579,20150914,2.389
20150907,2.632,20150907,2.438
20150831,2.666,20150831,2.473
20150824,2.751,20150824,2.559
20150817,2.836,20150817,2.618
20150810,2.867,20150810,2.647
20150803,2.908,20150803,2.696
20150727,2.94,20150727,2.741
20150720,2.97,20150720,2.779
20150713,3.019,20150713,2.816
20150706,3.036,20150706,2.827
20150629,3.028,20150629,2.836
20150622,2.99,20150622,2.837
20150615,3.014,20150615,2.849
20150608,2.951,20150608,2.798
20150601,2.937,20150601,2.779
20150525,2.932,20150525,2.773
20150518,2.907,20150518,2.736
20150511,2.9,20150511,2.717
20150504,2.849,20150504,2.686
20150427,2.789,20150427,2.627
20150420,2.731,20150420,2.553
20150413,2.632,20150413,2.47
20150406,2.65,20150406,2.466
20150330,2.643,20150330,2.484
20150323,2.653,20150323,2.473
20150316,2.688,20150316,2.51
20150309,2.704,20150309,2.529
20150302,2.644,20150302,2.496
20150223,2.568,20150223,2.414
20150216,2.529,20150216,2.366
20150209,2.511,20150209,2.304
20150202,2.467,20150202,2.203
20150126,2.483,20150126,2.22
20150119,2.567,20150119,2.274
20150112,2.663,20150112,2.369
20150105,2.801,20150105,2.474
20141229,2.898,20141229,2.556
20141222,2.974,20141222,2.641
20141215,3.043,20141215,2.753
20141208,3.162,20141208,2.853
20141201,3.248,20141201,2.935
20141124,3.272,20141124,2.968
20141117,3.319,20141117,3.022
20141110,3.36,20141110,3.06
20141103,3.416,20141103,3.106
20141027,3.465,20141027,3.163
20141020,3.522,20141020,3.248
20141013,3.588,20141013,3.345
20141006,3.612,20141006,3.421
20140929,3.631,20140929,3.444
20140922,3.644,20140922,3.45
20140915,3.697,20140915,3.482
20140908,3.725,20140908,3.512
20140901,3.728,20140901,3.514
20140825,3.745,20140825,3.508
20140818,3.787,20140818,3.54
20140811,3.81,20140811,3.572
20140804,3.852,20140804,3.609
20140728,3.882,20140728,3.646
20140721,3.925,20140721,3.69
20140714,3.951,20140714,3.731
20140707,3.986,20140707,3.761
20140630,3.984,20140630,3.778
20140623,3.966,20140623,3.768
20140616,3.935,20140616,3.741
20140609,3.935,20140609,3.736
20140602,3.927,20140602,3.747
20140526,3.936,20140526,3.759
20140519,3.936,20140519,3.763
20140512,3.962,20140512,3.779
20140505,3.974,20140505,3.798
20140428,3.973,20140428,3.803
20140421,3.892,20140421,3.76
20140414,3.836,20140414,3.707
20140407,3.827,20140407,3.678
20140331,3.827,20140331,3.653
20140324,3.827,20140324,3.625
20140317,3.831,20140317,3.619
20140310,3.83,20140310,3.59
20140303,3.794,20140303,3.573
20140224,3.775,20140224,3.564
20140217,3.751,20140217,3.512
20140210,3.671,20140210,3.453
20140203,3.689,20140203,3.463
20140127,3.697,20140127,3.48
20140120,3.712,20140120,3.491
20140113,3.741,20140113,3.512
20140106,3.785,20140106,3.538
20131230,3.774,20131230,3.511
20131223,3.749,20131223,3.48
20131216,3.734,20131216,3.472
20131209,3.722,20131209,3.482
20131202,3.699,20131202,3.488
20131125,3.668,20131125,3.484
20131118,3.62,20131118,3.381
20131111,3.606,20131111,3.345
20131104,3.636,20131104,3.391
20131028,3.661,20131028,3.42
20131021,3.691,20131021,3.455
20131014,3.707,20131014,3.448
20131007,3.742,20131007,3.461
20130930,3.781,20130930,3.509
20130923,3.851,20130923,3.556
20130916,3.905,20130916,3.629
20130909,3.928,20130909,3.682
20130902,3.932,20130902,3.7
20130826,3.902,20130826,3.649
20130819,3.91,20130819,3.651
20130812,3.941,20130812,3.664
20130805,3.978,20130805,3.719
20130729,3.999,20130729,3.738
20130722,3.951,20130722,3.746
20130715,3.913,20130715,3.681
20130708,3.791,20130708,3.553
20130701,3.778,20130701,3.56
20130624,3.8,20130624,3.599
20130617,3.793,20130617,3.599
20130610,3.795,20130610,3.587
20130603,3.792,20130603,3.579
20130527,3.808,20130527,3.594
20130520,3.793,20130520,3.583
20130513,3.79,20130513,3.579
20130506,3.762,20130506,3.549
20130429,3.775,20130429,3.555
20130422,3.806,20130422,3.575
20130415,3.876,20130415,3.628
20130408,3.914,20130408,3.68
20130401,3.954,20130401,3.724
20130325,3.983,20130325,3.753
20130318,3.999,20130318,3.781
20130311,4.029,20130311,3.816
20130304,4.045,20130304,3.851
20130225,4.079,20130225,3.885
20130218,4.045,20130218,3.836
20130211,4.006,20130211,3.733
20130204,3.945,20130204,3.677
20130128,3.806,20130128,3.537
20130121,3.78,20130121,3.509
20130114,3.798,20130114,3.537
20130107,3.802,20130107,3.529
20121231,3.794,20121231,3.492
20121224,3.785,20121224,3.445
20121217,3.816,20121217,3.439
20121210,3.869,20121210,3.507
20121203,3.92,20121203,3.547
20121126,3.966,20121126,3.574
20121119,3.978,20121119,3.569
20121112,3.942,20121112,3.581
20121105,3.947,20121105,3.625
20121029,3.97,20121029,3.679
20121022,4.071,20121022,3.789
20121015,4.153,20121015,3.88
20121008,4.186,20121008,3.884
20121001,4.151,20121001,3.887
20120924,4.158,20120924,3.914
20120917,4.203,20120917,3.962
20120910,4.088,20120910,3.911
20120903,4.076,20120903,3.894
20120827,4.026,20120827,3.833
20120820,3.997,20120820,3.792
20120813,3.963,20120813,3.758
20120806,3.863,20120806,3.678
20120730,3.819,20120730,3.577
20120723,3.82,20120723,3.568
20120716,3.732,20120716,3.483
20120709,3.689,20120709,3.437
20120702,3.646,20120702,3.377
20120625,3.667,20120625,3.427
20120618,3.722,20120618,3.484
20120611,3.786,20120611,3.533
20120604,3.871,20120604,3.595
20120528,3.915,20120528,3.652
20120521,3.979,20120521,3.713
20120514,4.029,20120514,3.778
20120507,4.055,20120507,3.838
20120430,4.124,20120430,3.904
20120423,4.163,20120423,3.958
20120416,4.17,20120416,4
20120409,4.187,20120409,4.02
20120402,4.143,20120402,3.983
20120326,4.098,20120326,3.942
20120319,4.054,20120319,3.883
20120312,4.021,20120312,3.843
20120305,4.021,20120305,3.838
20120227,3.983,20120227,3.805
20120220,3.917,20120220,3.725
20120213,3.874,20120213,3.682
20120206,3.826,20120206,3.625
20120130,3.796,20120130,3.592
20120123,3.737,20120123,3.529
20120116,3.705,20120116,3.503
20120109,3.666,20120109,3.487
20120102,3.585,20120102,3.395
20111226,3.566,20111226,3.344
20111219,3.587,20111219,3.346
20111212,3.611,20111212,3.38
20111205,3.627,20111205,3.378
20111128,3.666,20111128,3.405
20111121,3.689,20111121,3.453
20111114,3.717,20111114,3.499
20111107,3.719,20111107,3.489
20111031,3.738,20111031,3.513
20111024,3.757,20111024,3.532
20111017,3.757,20111017,3.524
20111010,3.744,20111010,3.479
20111003,3.775,20111003,3.518
20110926,3.858,20110926,3.583
20110919,3.899,20110919,3.66
20110912,3.937,20110912,3.705
20110905,3.93,20110905,3.711
20110829,3.879,20110829,3.678
20110822,3.906,20110822,3.671
20110815,3.942,20110815,3.712
20110808,3.995,20110808,3.781
20110801,4.02,20110801,3.818
20110725,4.004,20110725,3.805
20110718,3.972,20110718,3.776
20110711,3.915,20110711,3.718
20110704,3.886,20110704,3.64
20110627,3.916,20110627,3.67
20110620,3.964,20110620,3.727
20110613,3.989,20110613,3.765
20110606,4.025,20110606,3.808
20110530,4.069,20110530,3.852
20110523,4.134,20110523,3.929
20110516,4.202,20110516,4.021
20110509,4.211,20110509,4.018
20110502,4.192,20110502,3.994
20110425,4.117,20110425,3.913
20110418,4.061,20110418,3.868
20110411,3.981,20110411,3.805
20110404,3.895,20110404,3.702
20110328,3.811,20110328,3.623
20110321,3.789,20110321,3.607
20110314,3.796,20110314,3.616
20110307,3.752,20110307,3.568
20110228,3.605,20110228,3.425
20110221,3.452,20110221,3.241
20110214,3.42,20110214,3.207
20110207,3.416,20110207,3.193
20110131,3.4,20110131,3.176
20110124,3.402,20110124,3.192
20110117,3.391,20110117,3.181
20110110,3.367,20110110,3.166
20110103,3.351,20110103,3.149
20101227,3.336,20101227,3.133
20101220,3.309,20101220,3.077
20101213,3.301,20101213,3.076
20101206,3.255,20101206,3.048
20101129,3.2,20101129,2.961
20101122,3.186,20101122,2.965
20101115,3.138,20101115,2.948
20101108,3.065,20101108,2.893
20101101,3.049,20101101,2.861
20101025,3.055,20101025,2.873
20101018,3.049,20101018,2.878
20101011,2.999,20101011,2.84
20101004,2.903,20101004,2.743
20100927,2.84,20100927,2.704
20100920,2.837,20100920,2.713
20100913,2.846,20100913,2.69
20100906,2.837,20100906,2.67
20100830,2.86,20100830,2.68
20100823,2.885,20100823,2.716
20100816,2.913,20100816,2.751
20100809,2.923,20100809,2.781
20100802,2.942,20100802,2.744
20100726,2.932,20100726,2.738
20100719,2.924,20100719,2.719
20100712,2.933,20100712,2.728
20100705,2.94,20100705,2.744
20100628,2.958,20100628,2.768
20100621,2.958,20100621,2.758
20100614,2.942,20100614,2.73
20100607,2.972,20100607,2.758
20100531,3.006,20100531,2.794
20100524,3.046,20100524,2.861
20100517,3.096,20100517,2.927
20100510,3.112,20100510,2.96
20100503,3.095,20100503,2.942
20100426,3.042,20100426,2.899
20100419,3.021,20100419,2.889
20100412,3.01,20100412,2.89
20100405,2.992,20100405,2.854
20100329,2.957,20100329,2.84
20100322,2.963,20100322,2.853
20100315,2.96,20100315,2.842
20100308,2.938,20100308,2.806
20100301,2.919,20100301,2.764
20100222,2.91,20100222,2.723
20100215,2.909,20100215,2.702
20100208,2.94,20100208,2.734
20100201,2.954,20100201,2.752
20100125,2.969,20100125,2.791
20100118,2.976,20100118,2.818
20100111,2.965,20100111,2.811
20100104,2.907,20100104,2.72
20091228,2.883,20091228,2.67
20091221,2.874,20091221,2.664
20091214,2.889,20091214,2.684
20091207,2.908,20091207,2.713
20091130,2.899,20091130,2.701
20091123,2.907,20091123,2.704
20091116,2.905,20091116,2.705
20091109,2.916,20091109,2.731
20091102,2.907,20091102,2.743
20091026,2.869,20091026,2.719
20091019,2.801,20091019,2.592
20091012,2.743,20091012,2.486
20091005,2.762,20091005,2.484
20090928,2.801,20090928,2.523
20090921,2.839,20090921,2.571
20090914,2.859,20090914,2.607
20090907,2.873,20090907,2.644
20090831,2.876,20090831,2.664
20090824,2.873,20090824,2.676
20090817,2.876,20090817,2.684
20090810,2.848,20090810,2.675
20090803,2.788,20090803,2.592
20090727,2.752,20090727,2.545
20090720,2.775,20090720,2.536
20090713,2.828,20090713,2.602
20090706,2.869,20090706,2.673
20090629,2.881,20090629,2.701
20090622,2.887,20090622,2.729
20090615,2.828,20090615,2.687
20090608,2.767,20090608,2.61
20090601,2.671,20090601,2.528
20090525,2.612,20090525,2.461
20090518,2.498,20090518,2.361
20090511,2.404,20090511,2.28
20090504,2.269,20090504,2.115
20090427,2.246,20090427,2.103
20090420,2.233,20090420,2.108
20090413,2.213,20090413,2.095
20090406,2.201,20090406,2.09
20090330,2.195,20090330,2.093
20090323,2.134,20090323,2.007
20090316,2.113,20090316,1.977
20090309,2.12,20090309,1.987
20090302,2.116,20090302,1.99
20090223,2.132,20090223,1.98
20090216,2.148,20090216,2.018
20090209,2.109,20090209,1.98
20090202,2.07,20090202,1.944
20090126,1.991,20090126,1.884
20090119,1.982,20090119,1.879
20090112,1.947,20090112,1.819
20090105,1.865,20090105,1.715
20081229,1.892,20081229,1.705
20081222,1.945,20081222,1.747
20081215,1.986,20081215,1.758
20081208,2.114,20081208,1.833
20081201,2.217,20081201,1.936
20081124,2.342,20081124,2.029
20081117,2.49,20081117,2.189
20081110,2.661,20081110,2.349
20081103,2.837,20081103,2.528
20081027,3.037,20081027,2.761
20081020,3.261,20081020,3.012
20081013,3.463,20081013,3.298
20081006,3.69,20081006,3.616
20080929,3.775,20080929,3.734
20080922,3.845,20080922,3.793
20080915,3.866,20080915,3.88
20080908,3.845,20080908,3.682
20080901,3.875,20080901,3.706
20080825,3.911,20080825,3.707
20080818,3.978,20080818,3.775
20080811,4.098,20080811,3.87
20080804,4.176,20080804,3.958
20080728,4.238,20080728,4.031
20080721,4.326,20080721,4.111
20080714,4.342,20080714,4.136
20080707,4.341,20080707,4.143
20080630,4.34,20080630,4.121
20080623,4.329,20080623,4.111
20080616,4.32,20080616,4.115
20080609,4.258,20080609,4.081
20080602,4.213,20080602,4.033
20080526,4.151,20080526,4
20080519,4.037,20080519,3.857
20080512,3.929,20080512,3.775
20080505,3.847,20080505,3.673
20080428,3.807,20080428,3.663
20080421,3.647,20080421,3.547
20080414,3.517,20080414,3.399
20080407,3.463,20080407,3.348
20080331,3.449,20080331,3.32
20080324,3.437,20080324,3.305
20080317,3.433,20080317,3.315
20080310,3.374,20080310,3.255
20080303,3.354,20080303,3.229
20080225,3.342,20080225,3.209
20080218,3.285,20080218,3.11
20080211,3.268,20080211,3.041
20080204,3.283,20080204,3.07
20080128,3.304,20080128,3.09
20080121,3.329,20080121,3.126
20080114,3.358,20080114,3.17
20080107,3.353,20080107,3.185
20071231,3.322,20071231,3.128
20071224,3.309,20071224,3.071
20071217,3.315,20071217,3.08
20071210,3.327,20071210,3.094
20071203,3.331,20071203,3.136
20071126,3.33,20071126,3.153
20071119,3.321,20071119,3.147
20071112,3.28,20071112,3.14
20071105,3.169,20071105,3.036
20071029,3.052,20071029,2.897
20071022,2.989,20071022,2.853
20071015,2.952,20071015,2.798
20071008,2.956,20071008,2.813
20071001,2.969,20071001,2.833
20070924,2.967,20070924,2.834
20070917,2.943,20070917,2.8
20070910,2.94,20070910,2.796
20070903,2.946,20070903,2.776
20070827,2.962,20070827,2.764
20070820,3.005,20070820,2.798
20070813,3.036,20070813,2.818
20070806,3.077,20070806,2.888
20070730,3.118,20070730,2.936
20070723,3.162,20070723,2.988
20070716,3.182,20070716,3.036
20070709,3.179,20070709,2.985
20070702,3.186,20070702,2.987
20070625,3.196,20070625,3.007
20070618,3.225,20070618,3.037
20070611,3.247,20070611,3.082
20070604,3.26,20070604,3.127
20070528,3.273,20070528,3.157
20070521,3.25,20070521,3.155
20070514,3.194,20070514,3.04
20070507,3.175,20070507,3.016
20070430,3.121,20070430,2.974
20070423,3.053,20070423,2.893
20070416,3.049,20070416,2.896
20070409,2.983,20070409,2.812
20070402,2.939,20070402,2.727
20070326,2.845,20070326,2.629
20070319,2.808,20070319,2.603
20070312,2.772,20070312,2.588
20070305,2.727,20070305,2.546
20070226,2.546,20070226,2.394
20070219,2.465,20070219,2.301
20070212,2.429,20070212,2.248
20070205,2.424,20070205,2.224
20070129,2.448,20070129,2.224
20070122,2.484,20070122,2.262
20070115,2.532,20070115,2.321
20070108,2.563,20070108,2.377
20070101,2.587,20070101,2.403
20061225,2.588,20061225,2.408
20061218,2.558,20061218,2.375
20061211,2.52,20061211,2.36
20061204,2.511,20061204,2.351
20061127,2.452,20061127,2.287
20061120,2.421,20061120,2.268
20061113,2.411,20061113,2.259
20061106,2.402,20061106,2.23
20061030,2.422,20061030,2.246
20061023,2.436,20061023,2.239
20061016,2.475,20061016,2.268
20061009,2.526,20061009,2.303
20061002,2.591,20061002,2.365
20060925,2.683,20060925,2.445
20060918,2.814,20060918,2.59
20060911,2.915,20060911,2.716
20060904,3.014,20060904,2.815
20060828,3.106,20060828,2.92
20060821,3.172,20060821,2.993
20060814,3.224,20060814,3.068
20060807,3.222,20060807,3.091
20060731,3.212,20060731,3.071
20060724,3.195,20060724,3.06
20060717,3.176,20060717,3.034
20060710,3.162,20060710,3.016
20060703,3.12,20060703,2.978
20060626,3.056,20060626,2.91
20060619,3.08,20060619,2.927
20060612,3.107,20060612,2.954
20060605,3.102,20060605,2.928
20060529,3.128,20060529,2.913
20060522,3.146,20060522,2.946
20060515,3.157,20060515,2.987
20060508,3.142,20060508,2.964
20060501,3.143,20060501,2.995
20060424,3.13,20060424,2.997
20060417,2.973,20060417,2.854
20060410,2.857,20060410,2.743
20060403,2.77,20060403,2.634
20060327,2.668,20060327,2.549
20060320,2.651,20060320,2.55
20060313,2.503,20060313,2.387
20060306,2.493,20060306,2.341
20060227,2.464,20060227,2.29
20060220,2.501,20060220,2.31
20060213,2.575,20060213,2.376
20060206,2.617,20060206,2.429
20060130,2.642,20060130,2.447
20060123,2.65,20060123,2.449
20060116,2.623,20060116,2.434
20060109,2.597,20060109,2.424
20060102,2.5,20060102,2.318
20051226,2.447,20051226,2.275
20051219,2.427,20051219,2.279
20051212,2.402,20051212,2.235
20051205,2.375,20051205,2.18
20051128,2.412,20051128,2.207
20051121,2.469,20051121,2.261
20051114,2.549,20051114,2.351
20051107,2.631,20051107,2.453
20051031,2.74,20051031,2.562
20051024,2.848,20051024,2.693
20051017,2.921,20051017,2.823
20051010,2.97,20051010,2.94
20051003,3.01,20051003,3.016
20050926,3.015,20050926,2.906
20050919,3.095,20050919,2.914
20050912,3.364,20050912,3.111
20050905,3.427,20050905,3.252
20050829,2.727,20050829,2.646
20050822,2.723,20050822,2.654
20050815,2.671,20050815,2.599
20050808,2.536,20050808,2.402
20050801,2.509,20050801,2.352
20050725,2.517,20050725,2.358
20050718,2.502,20050718,2.369
20050711,2.492,20050711,2.363
20050704,2.372,20050704,2.265
20050627,2.369,20050627,2.25
20050620,2.334,20050620,2.207
20050613,2.299,20050613,2.177
20050606,2.3,20050606,2.16
20050530,2.313,20050530,2.146
20050523,2.334,20050523,2.17
20050516,2.355,20050516,2.202
20050509,2.372,20050509,2.233
20050502,2.385,20050502,2.262
20050425,2.365,20050425,2.255
20050418,2.357,20050418,2.257
20050411,2.364,20050411,2.285
20050404,2.286,20050404,2.236
20050328,2.244,20050328,2.171
20050321,2.204,20050321,2.12
20050314,2.156,20050314,2.067
20050307,2.082,20050307,2.003
20050228,2.044,20050228,1.941
20050221,2.058,20050221,1.939
20050214,2.066,20050214,1.949
20050207,2.073,20050207,1.964
20050131,2.064,20050131,1.963
20050124,2.021,20050124,1.912
20050117,2.001,20050117,1.886
20050110,2.016,20050110,1.86
20050103,2.039,20050103,1.858
20041227,2.062,20041227,1.88
20041220,2.077,20041220,1.899
20041213,2.109,20041213,1.933
20041206,2.143,20041206,1.976
20041129,2.149,20041129,1.994
20041122,2.155,20041122,2.001
20041115,2.173,20041115,2.025
20041108,2.191,20041108,2.047
20041101,2.206,20041101,2.066
20041025,2.208,20041025,2.066
20041018,2.204,20041018,2.057
20041011,2.152,20041011,2.015
20041004,2.095,20041004,1.972
20040927,2.065,20040927,1.948
20040920,2.034,20040920,1.9
20040913,2.035,20040913,1.891
20040906,2.043,20040906,1.9
20040830,2.058,20040830,1.909
20040823,2.076,20040823,1.922
20040816,2.071,20040816,1.914
20040809,2.078,20040809,1.92
20040802,2.099,20040802,1.934
20040726,2.117,20040726,1.96
20040719,2.127,20040719,1.971
20040712,2.133,20040712,1.961
20040705,2.151,20040705,1.958
20040628,2.173,20040628,1.989
20040621,2.201,20040621,2.012
20040614,2.224,20040614,2.048
20040607,2.233,20040607,2.074
20040531,2.235,20040531,2.088
20040524,2.217,20040524,2.081
20040517,2.165,20040517,2.027
20040510,2.071,20040510,1.939
20040503,1.963,20040503,1.846
20040426,1.939,20040426,1.813
20040419,1.928,20040419,1.806
20040412,1.913,20040412,1.79
20040405,1.922,20040405,1.792
20040329,1.92,20040329,1.779
20040322,1.911,20040322,1.769
20040315,1.901,20040315,1.752
20040308,1.906,20040308,1.754
20040301,1.875,20040301,1.725
20040223,1.841,20040223,1.705
20040216,1.829,20040216,1.688
20040209,1.823,20040209,1.684
20040202,1.826,20040202,1.683
20040126,1.809,20040126,1.678
20040119,1.777,20040119,1.655
20040112,1.73,20040112,1.621
20040105,1.698,20040105,1.562
20031229,1.691,20031229,1.543
20031222,1.693,20031222,1.542
20031215,1.693,20031215,1.53
20031208,1.701,20031208,1.535
20031201,1.711,20031201,1.548
20031124,1.717,20031124,1.556
20031117,1.723,20031117,1.552
20031110,1.743,20031110,1.56
20031103,1.766,20031103,1.581
20031027,1.777,20031027,1.595
20031020,1.804,20031020,1.614
20031013,1.811,20031013,1.621
20031006,1.832,20031006,1.635
20030929,1.852,20030929,1.657
20030922,1.877,20030922,1.685
20030915,1.899,20030915,1.715
20030908,1.915,20030908,1.739
20030901,1.928,20030901,1.759
20030825,1.877,20030825,1.738
20030818,1.715,20030818,1.625
20030811,1.673,20030811,1.587
20030804,1.65,20030804,1.552
20030728,1.652,20030728,1.549
20030721,1.646,20030721,1.552
20030714,1.629,20030714,1.542
20030707,1.603,20030707,1.498
20030630,1.597,20030630,1.495
20030623,1.601,20030623,1.505
20030616,1.612,20030616,1.514
20030609,1.614,20030609,1.492
20030602,1.627,20030602,1.487
20030526,1.646,20030526,1.492
20030519,1.668,20030519,1.5
20030512,1.689,20030512,1.509
20030505,1.714,20030505,1.539
20030428,1.739,20030428,1.567
20030421,1.755,20030421,1.585
20030414,1.772,20030414,1.61
20030407,1.788,20030407,1.635
20030331,1.804,20030331,1.658
20030324,1.82,20030324,1.687
20030317,1.826,20030317,1.709
20030310,1.81,20030310,1.691
20030303,1.8,20030303,1.677
20030224,1.801,20030224,1.675
20030217,1.793,20030217,1.678
20030210,1.755,20030210,1.645
20030203,1.679,20030203,1.564
20030127,1.648,20030127,1.514
20030120,1.644,20030120,1.51
20030113,1.647,20030113,1.509
20030106,1.647,20030106,1.509
20021230,1.63,20021230,1.496
20021223,1.605,20021223,1.458
20021216,1.593,20021216,1.424
20021209,1.6,20021209,1.428
20021202,1.602,20021202,1.438
20021125,1.6,20021125,1.446
20021118,1.601,20021118,1.461
20021111,1.61,20021111,1.477
20021104,1.594,20021104,1.475
20021028,1.592,20021028,1.478
20021021,1.587,20021021,1.481
20021014,1.581,20021014,1.463
20021007,1.581,20021007,1.464
20020930,1.575,20020930,1.445
20020923,1.566,20020923,1.426
20020916,1.565,20020916,1.422
20020909,1.564,20020909,1.417
20020902,1.566,20020902,1.419
20020826,1.565,20020826,1.42
20020819,1.561,20020819,1.417
20020812,1.563,20020812,1.422
20020805,1.559,20020805,1.423
20020729,1.546,20020729,1.42
20020722,1.539,20020722,1.42
20020715,1.512,20020715,1.392
20020708,1.511,20020708,1.39
20020701,1.513,20020701,1.391
20020624,1.519,20020624,1.394
20020617,1.523,20020617,1.392
20020610,1.528,20020610,1.402
20020603,1.534,20020603,1.408
20020527,1.538,20020527,1.414
20020520,1.541,20020520,1.418
20020513,1.547,20020513,1.422
20020506,1.538,20020506,1.429
20020429,1.542,20020429,1.429
20020422,1.543,20020422,1.434
20020415,1.531,20020415,1.433
20020408,1.498,20020408,1.422
20020401,1.464,20020401,1.381
20020325,1.421,20020325,1.346
20020318,1.359,20020318,1.288
20020311,1.292,20020311,1.215
20020304,1.254,20020304,1.151
20020225,1.251,20020225,1.145
20020218,1.248,20020218,1.144
20020211,1.252,20020211,1.143
20020204,1.255,20020204,1.139
20020128,1.26,20020128,1.14
20020121,1.26,20020121,1.146
20020114,1.258,20020114,1.158
20020107,1.234,20020107,1.14
20011231,1.215,20011231,1.12
20011224,1.215,20011224,1.104
20011217,1.229,20011217,1.1
20011210,1.247,20011210,1.113
20011203,1.272,20011203,1.122
20011126,1.302,20011126,1.144
20011119,1.321,20011119,1.173
20011112,1.353,20011112,1.198
20011105,1.379,20011105,1.224
20011029,1.411,20011029,1.255
20011022,1.438,20011022,1.287
20011015,1.469,20011015,1.325
20011008,1.501,20011008,1.362
20011001,1.527,20011001,1.407
20010924,1.559,20010924,1.449
20010917,1.563,20010917,1.465
20010910,1.56,20010910,1.455
20010903,1.561,20010903,1.457
20010827,1.559,20010827,1.429
20010820,1.569,20010820,1.43
20010813,1.578,20010813,1.42
20010806,1.59,20010806,1.413
20010730,1.613,20010730,1.424
20010723,1.641,20010723,1.447
20010716,1.673,20010716,1.475
20010709,1.7,20010709,1.511
20010702,1.728,20010702,1.546
20010625,1.763,20010625,1.596
20010618,1.791,20010618,1.629
20010611,1.822,20010611,1.655
20010604,1.84,20010604,1.658
20010528,1.841,20010528,1.671
20010521,1.821,20010521,1.663
20010514,1.82,20010514,1.67
20010507,1.789,20010507,1.659
20010430,1.74,20010430,1.623
20010423,1.695,20010423,1.609
20010416,1.621,20010416,1.571
20010409,1.566,20010409,1.495
20010402,1.541,20010402,1.435
20010326,1.533,20010326,1.421
20010319,1.539,20010319,1.424
20010312,1.552,20010312,1.438
20010305,1.559,20010305,1.455
20010226,1.574,20010226,1.472
20010219,1.577,20010219,1.482
20010212,1.581,20010212,1.492
20010205,1.575,20010205,1.48
20010129,1.58,20010129,1.493
20010122,1.583,20010122,1.497
20010115,1.589,20010115,1.486
20010108,1.598,20010108,1.44
20010101,1.607,20010101,1.438
20001225,1.618,20001225,1.442
20001218,1.627,20001218,1.469
20001211,1.637,20001211,1.492
20001204,1.647,20001204,1.513
20001127,1.657,20001127,1.526
20001120,1.66,20001120,1.527
20001113,1.665,20001113,1.534
20001106,1.67,20001106,1.537
20001030,1.668,20001030,1.544
20001023,1.665,20001023,1.544
20001016,1.665,20001016,1.545
20001009,1.655,20001009,1.532
20001002,1.666,20001002,1.551
20000925,1.675,20000925,1.564
20000918,1.671,20000918,1.566
20000911,1.672,20000911,1.562
20000904,1.652,20000904,1.535
20000828,1.662,20000828,1.523
20000821,1.67,20000821,1.521
20000814,1.681,20000814,1.522
20000807,1.699,20000807,1.539
20000731,1.716,20000731,1.56
20000724,1.745,20000724,1.593
20000717,1.759,20000717,1.609
20000710,1.762,20000710,1.625
20000703,1.768,20000703,1.632
20000626,1.748,20000626,1.629
20000619,1.729,20000619,1.621
20000612,1.685,20000612,1.581
20000605,1.646,20000605,1.55
,,20000529,1.544
,,20000522,1.539
,,20000515,1.502
,,20000508,1.473
,,20000501,1.454
,,20000424,1.466
,,20000417,1.486
,,20000410,1.511
,,20000403,1.531
,,20000327,1.544
,,20000320,1.559
,,20000313,1.556
,,20000306,1.512
,,20000228,1.432
,,20000221,1.417
,,20000214,1.382
,,20000207,1.359
,,20000131,1.348
,,20000124,1.342
,,20000117,1.316
,,20000110,1.315
,,20000103,1.314
,,19991227,1.315
,,19991220,1.315
,,19991213,1.316
,,19991206,1.317
,,19991129,1.317
,,19991122,1.299
,,19991115,1.279
,,19991108,1.271
,,19991101,1.276
,,19991025,1.279
,,19991018,1.283
,,19991011,1.289
,,19991004,1.287
,,19990927,1.281
,,19990920,1.276
,,19990913,1.26
,,19990906,1.242
,,19990830,1.238
,,19990823,1.234
,,19990816,1.225
,,19990809,1.208
,,19990802,1.192
,,19990726,1.182
,,19990719,1.168
,,19990712,1.148
,,19990705,1.129
,,19990628,1.117
,,19990621,1.117
,,19990614,1.113
,,19990607,1.115
,,19990531,1.119
,,19990524,1.125
,,19990517,1.127
,,19990510,1.128
,,19990503,1.118
,,19990426,1.11
,,19990419,1.105
,,19990412,1.1
,,19990405,1.078
,,19990329,1.047
,,19990322,1.012
,,19990315,0.978
,,19990308,0.939
,,19990301,0.938
,,19990222,0.943
,,19990215,0.948
,,19990208,0.956
,,19990201,0.96
,,19990125,0.968
,,19990118,0.972
,,19990111,0.971
,,19990104,0.974
,,19981228,0.976
,,19981221,0.982
,,19981214,0.987
,,19981207,0.998
,,19981130,1.013
,,19981123,1.022
,,19981116,1.031
,,19981109,1.038
,,19981102,1.04
,,19981026,1.041
,,19981019,1.044
,,19981012,1.046
,,19981005,1.034
,,19980928,1.029
,,19980921,1.023
,,19980914,1.024
,,19980907,1.028
,,19980831,1.034
,,19980824,1.038
,,19980817,1.042
,,19980810,1.048
,,19980803,1.052
,,19980727,1.058
,,19980720,1.063
,,19980713,1.066
,,19980706,1.064
,,19980629,1.068
,,19980622,1.069
,,19980615,1.071
,,19980608,1.076
,,19980601,1.075
,,19980525,1.076
,,19980518,1.074
,,19980511,1.086
,,19980504,1.077
,,19980427,1.076
,,19980420,1.071
,,19980413,1.074
,,19980406,1.075
,,19980330,1.072
,,19980323,1.052
,,19980316,1.062
,,19980309,1.076
,,19980302,1.085
,,19980223,1.093
,,19980216,1.1
,,19980209,1.112
,,19980202,1.119
,,19980126,1.129
,,19980119,1.141
,,19980112,1.153
,,19980105,1.163
,,19971229,1.168
,,19971222,1.175
,,19971215,1.184
,,19971208,1.194
,,19971201,1.203
,,19971124,1.209
,,19971117,1.217
,,19971110,1.225
,,19971103,1.231
,,19971027,1.239
,,19971020,1.247
,,19971013,1.254
,,19971006,1.259
,,19970929,1.267
,,19970922,1.278
,,19970915,1.286
,,19970908,1.291
,,19970901,1.289
,,19970825,1.286
,,19970818,1.268
,,19970811,1.26
,,19970804,1.231
,,19970728,1.213
,,19970721,1.213
,,19970714,1.215
,,19970707,1.218
,,19970630,1.222
,,19970623,1.229
,,19970616,1.234
,,19970609,1.238
,,19970602,1.241
,,19970526,1.239
,,19970519,1.237
,,19970512,1.234
,,19970505,1.238
,,19970428,1.239
,,19970421,1.245
,,19970414,1.253
,,19970407,1.258
,,19970331,1.261
,,19970324,1.263
,,19970317,1.267
,,19970310,1.276
,,19970303,1.282
,,19970224,1.289
,,19970217,1.295
,,19970210,1.3
,,19970203,1.302
,,19970127,1.303
,,19970120,1.307
,,19970113,1.308
,,19970106,1.303
,,19961230,1.303
,,19961223,1.305
,,19961216,1.305
,,19961209,1.304
,,19961202,1.299
,,19961125,1.294
,,19961118,1.287
,,19961111,1.273
,,19961104,1.27
,,19961028,1.257
,,19961021,1.25
,,19961014,1.243
,,19961007,1.236
,,19960930,1.239
,,19960923,1.24
,,19960916,1.241
,,19960909,1.24
,,19960902,1.238
,,19960826,1.242
,,19960819,1.245
,,19960812,1.249
,,19960805,1.254
,,19960729,1.261
,,19960722,1.265
,,19960715,1.269
,,19960708,1.273
,,19960701,1.278
,,19960624,1.287
,,19960617,1.294
,,19960610,1.304
,,19960603,1.311
,,19960527,1.313
,,19960520,1.316
,,19960513,1.315
,,19960506,1.312
,,19960429,1.302
,,19960422,1.292
,,19960415,1.276
,,19960408,1.232
,,19960401,1.211
,,19960325,1.192
,,19960318,1.169
,,19960311,1.163
,,19960304,1.158
,,19960226,1.144
,,19960219,1.134
,,19960212,1.135
,,19960205,1.139
,,19960129,1.141
,,19960122,1.145
,,19960115,1.146
,,19960108,1.135
,,19960101,1.132
,,19951225,1.126
,,19951218,1.122
,,19951211,1.118
,,19951204,1.118
,,19951127,1.117
,,19951120,1.118
,,19951113,1.125
,,19951106,1.131
,,19951030,1.14
,,19951023,1.149
,,19951016,1.159
,,19951009,1.167
,,19951002,1.172
,,19950925,1.178
,,19950918,1.18
,,19950911,1.185
,,19950904,1.188
,,19950828,1.197
,,19950821,1.201
,,19950814,1.205
,,19950807,1.213
,,19950731,1.218
,,19950724,1.229
,,19950717,1.238
,,19950710,1.244
,,19950703,1.249
,,19950626,1.256
,,19950619,1.26
,,19950612,1.263
,,19950605,1.264
,,19950529,1.262
,,19950522,1.252
,,19950515,1.234
,,19950508,1.224
,,19950501,1.2
,,19950424,1.187
,,19950417,1.16
,,19950410,1.143
,,19950403,1.132
,,19950327,1.128
,,19950320,1.129
,,19950313,1.133
,,19950306,1.137
,,19950227,1.137
,,19950220,1.138
,,19950213,1.141
,,19950206,1.145
,,19950130,1.148
,,19950123,1.15
,,19950116,1.15
,,19950109,1.155
,,19950102,1.156
,,19941226,1.163
,,19941219,1.169
,,19941212,1.158
,,19941205,1.147
,,19941128,1.129
,,19941121,1.116
,,19941114,1.121
,,19941107,1.122
,,19941031,1.112
,,19941024,1.098
,,19941017,1.098
,,19941010,1.1
,,19941003,1.105
,,19940926,1.111
,,19940919,1.116
,,19940912,1.121
,,19940905,1.122
,,19940829,1.126
,,19940822,1.127
,,19940815,1.124
,,19940808,1.113
,,19940801,1.089
,,19940725,1.079
,,19940718,1.074
,,19940711,1.07
,,19940704,1.068
,,19940627,1.062
,,19940620,1.05
,,19940613,1.044
,,19940606,1.036
,,19940530,1.028
,,19940523,1.023
,,19940516,1.021
,,19940509,1.018
,,19940502,1.017
,,19940425,1.013
,,19940418,1.008
,,19940411,1.004
,,19940404,0.996
,,19940328,0.996
,,19940321,0.992
,,19940314,0.993
,,19940307,0.994
,,19940228,0.996
,,19940221,0.997
,,19940214,0.996
,,19940207,0.989
,,19940131,0.984
,,19940124,0.985
,,19940117,0.987
,,19940110,0.989
,,19940103,0.992
,,19931227,0.997
,,19931220,1.004
,,19931213,1.015
,,19931206,1.028
,,19931129,1.038
,,19931122,1.043
,,19931115,1.048
,,19931108,1.053
,,19931101,1.057
,,19931025,1.061
,,19931018,1.063
,,19931011,1.064
,,19931004,1.068
,,19930927,1.024
,,19930920,1.028
,,19930913,1.034
,,19930906,1.037
,,19930830,1.041
,,19930823,1.045
,,19930816,1.047
,,19930809,1.051
,,19930802,1.054
,,19930726,1.059
,,19930719,1.062
,,19930712,1.066
,,19930705,1.068
,,19930628,1.072
,,19930621,1.075
,,19930614,1.076
,,19930607,1.078
,,19930531,1.078
,,19930524,1.075
,,19930517,1.073
,,19930510,1.069
,,19930503,1.062
,,19930426,1.059
,,19930419,1.054
,,19930412,1.047
,,19930405,1.04
