"Series Key",SEDS.CLTCB.CA.A,"Series Key",SEDS.NNTCB.CA.A,"Series Key",SEDS.NUETB.CA.A,"Series Key",SEDS.PMTCB.CA.A,"Series Key",SEDS.RETCB.CA.A,"Series Key",SEDS.ELISB.CA.A,"Series Key",SEDS.ELNIB.CA.A
"Series Name","SEDS.CLTCB.CA.A, annual","Series Name","SEDS.NNTCB.CA.A, annual","Series Name","SEDS.NUETB.CA.A, annual","Series Name","SEDS.PMTCB.CA.A, annual","Series Name","SEDS.RETCB.CA.A, annual","Series Name","SEDS.ELISB.CA.A, annual","Series Name","SEDS.ELNIB.CA.A, annual"
Units,"Billion Btu",Units,"Billion Btu",Units,"Billion Btu",Units,"Billion Btu",Units,"Billion Btu",Units,"Billion Btu",Units,"Billion Btu"
Frequency,A,Frequency,A,Frequency,A,Frequency,A,Frequency,A,Frequency,A,Frequency,A
"Start Date",2024,"Start Date",2024,"Start Date",2024,"Start Date",2024,"Start Date",2023,"Start Date",2024,"Start Date",2024
"End Date",1960,"End Date",1960,"End Date",1960,"End Date",1960,"End Date",1960,"End Date",1960,"End Date",1960
Source,"EIA, U.S. Energy Information Administration",Source,"EIA, U.S. Energy Information Administration",Source,"EIA, U.S. Energy Information Administration",Source,"EIA, U.S. Energy Information Administration",Source,"EIA, U.S. Energy Information Administration",Source,"EIA, U.S. Energy Information Administration",Source,"EIA, U.S. Energy Information Administration"

2024,29082,2024,2010464,2024,191930,2024,2981768,2023,1064641,2024,0,2024,15473
2023,28746,2023,2154560,2023,185192,2023,2992521,2022,880835,2023,371680,2023,15273
2022,30049,2022,2131372,2022,183814,2022,3017613,2021,809581,2022,600661,2022,10930
2021,28244,2021,2172757,2021,171842,2021,2959919,2020,738376,2021,623973,2021,12500
2020,28034,2020,2153254,2020,169838,2020,2660428,2019,788792,2020,672644,2020,11045
2019,30886,2019,2218732,2019,168799,2019,3372257,2018,690792,2019,636493,2019,16092
2018,33256,2018,2209801,2018,190422,2018,3390054,2017,724945,2018,777555,2018,2472
2017,33663,2017,2190994,2017,187227,2017,3365600,2016,645141,2017,595675,2017,48598
2016,32077,2016,2248939,2016,197754,2016,3285086,2015,564184,2016,676125,2016,52498
2015,30967,2015,2384061,2015,193529,2015,3169697,2014,560635,2015,749236,2015,46516
2014,39486,2014,2409574,2014,177656,2014,3064557,2013,554027,2014,760461,2014,41998
2013,38151,2013,2480792,2013,187162,2013,3076413,2012,495642,2013,768897,2013,37362
2012,43832,2012,2456371,2012,193939,2012,3088263,2011,541230,2012,766854,2012,29352
2011,55264,2011,2196252,2011,383644,2011,3183766,2010,492958,2011,807700,2011,20081
2010,54972,2010,2325411,2010,336562,2010,3253819,2009,419883,2010,796911,2010,10483
2009,52403,2009,2391374,2009,332218,2009,3409620,2008,397934,2009,815499,2009,8628
2008,63050,2008,2472612,2008,339506,2008,3553537,2007,403528,2008,905983,2008,16019
2007,66495,2007,2467545,2007,375427,2007,3795097,2006,464148,2007,796446,2007,18782
2006,67017,2006,2375929,2006,333488,2006,3786528,2005,439340,2006,750560,2006,8092
2005,67422,2005,2304463,2005,377313,2005,3741092,2004,423563,2005,793482,2005,18858
2004,68909,2004,2462247,2004,315634,2004,3670782,2003,406651,2004,890292,2004,4241
2003,69469,2003,2317062,2003,370958,2003,3520087,2002,355371,2003,755824,2003,14078
2002,70010,2002,2318656,2002,358707,2002,3704382,2001,325466,2002,781544,2002,6379
2001,67839,2001,2513856,2001,346911,2001,3585715,2000,370066,2001,759868,2001,10423
2000,70012,2000,2456438,2000,366845,2000,3571465,1999,372132,2000,658249,2000,11536
1999,69547,1999,2379558,1999,348736,1999,3423775,1998,392331,1999,771283,1999,643
1998,66157,1998,2418688,1998,362928,1998,3315357,1997,376474,1998,777748,1998,-2104
1997,82651,1997,2185029,1997,320194,1997,3292194,1996,404112,1997,802130,1997,4502
1996,80324,1996,2017680,1996,358119,1996,3380192,1995,419049,1996,681670,1996,4191
1995,84323,1995,2109956,1995,317794,1995,3313101,1994,355772,1995,587082,1995,5932
1994,84616,1994,2334777,1994,352778,1994,3304777,1993,416004,1994,535130,1994,7014
1993,84669,1993,2213111,1993,331724,1993,3155634,1992,377508,1993,507805,1993,6710
1992,91515,1992,2294135,1992,369043,1992,3245822,1991,376041,1992,635465,1992,7073
1991,89519,1991,2208285,1991,330684,1991,3254790,1990,383113,1991,741708,1991,10203
1990,84160,1990,2101602,1990,345955,1990,3505561,1989,413507,1990,684677,1990,15758
1989,66427,1989,2047845,1989,344146,1989,3567746,1988,283719,1989,810941,1989,14424
1988,50824,1988,1860391,1988,327209,1988,3515528,1987,278026,1988,955790,1988,24859
1987,44951,1987,1992956,1987,317298,1987,3319791,1986,305255,1987,815734,1987,26421
1986,42519,1986,1591045,1986,277332,1986,3186566,1985,306810,1986,919464,1986,12899
1985,45264,1985,1925459,1985,209565,1985,3125366,1984,339406,1985,812868,1985,13834
1984,37243,1984,1739833,1984,153366,1984,3213001,1983,363470,1984,868265,1984,215
1983,32022,1983,1601037,1983,61214,1983,2979017,1982,315009,1983,870300,1983,91
1982,69415,1982,1765171,1982,41357,1982,2874156,1981,254048,1982,834635,1982,20
1981,78401,1981,1947370,1981,35367,1981,3210880,1980,272059,1981,656926,1981,28
1980,66170,1980,1890887,1980,53665,1980,3477280,1979,297376,1980,622868,1980,303
1979,68565,1979,1900357,1979,95320,1979,3733951,1978,297367,1979,470420,1979,0
1978,67892,1978,1646333,1978,83801,1978,3654422,1977,212831,1978,563754,1978,0
1977,75109,1977,1864187,1977,87396,1977,3611311,1976,236233,1977,382140,1977,0
1976,66630,1976,1849711,1976,53107,1976,3244758,1975,275396,1976,567202,1976,0
1975,56405,1975,1937322,1975,66855,1975,2976517,1974,301484,1975,539607,1975,0
1974,60670,1974,1937140,1974,41277,1974,2872447,1973,269058,1974,438451,1974,0
1973,66956,1973,2154045,1973,28689,1973,3048428,1972,240952,1973,323160,1973,-5
1972,47452,1972,2303562,1972,34266,1972,2734460,1971,254219,1972,348976,1972,0
1971,51015,1971,2265324,1971,38137,1971,2655395,1970,248565,1971,321767,1971,-37
1970,61812,1970,2241295,1970,34375,1970,2502535,1969,256255,1970,260488,1970,-37
1969,60031,1969,2189883,1969,27127,1969,2458067,1968,204480,1969,215440,1969,0
1968,57011,1968,2187260,1968,17003,1968,2403681,1967,223328,1968,110028,1968,0
1967,53949,1967,2048734,1967,6503,1967,2251677,1966,190831,1967,119220,1967,0
1966,51515,1966,1982305,1966,1895,1966,2219598,1965,202276,1966,78998,1966,0
1965,63693,1965,1813213,1965,3193,1965,2089816,1964,174530,1965,94940,1965,-10
1964,53723,1964,1817241,1964,4369,1964,2027468,1963,180034,1964,34874,1964,-80
1963,46127,1963,1623370,1963,2288,1963,1915789,1962,165152,1963,59589,1963,-1519
1962,39681,1962,1483423,1962,84,1962,1879327,1961,136263,1962,57275,1962,-1560
1961,59106,1961,1400174,1961,55,1961,1892977,1960,141733,1961,26748,1961,-1501
1960,35903,1960,1301826,1960,1,1960,1836912,,,1960,45687,1960,-1363
