year,energy_value,state,series_key,units
2024,29082.0,CA,SEDS.CLTCB.CA.A,Billion Btu
2023,28746.0,CA,SEDS.CLTCB.CA.A,Billion Btu
2022,30049.0,CA,SEDS.CLTCB.CA.A,Billion Btu
2021,28244.0,CA,SEDS.CLTCB.CA.A,Billion Btu
2020,28034.0,CA,SEDS.CLTCB.CA.A,Billion Btu
2019,30886.0,CA,SEDS.CLTCB.CA.A,Billion Btu
2018,33256.0,CA,SEDS.CLTCB.CA.A,Billion Btu
2017,33663.0,CA,SEDS.CLTCB.CA.A,Billion Btu
2016,32077.0,CA,SEDS.CLTCB.CA.A,Billion Btu
2015,30967.0,CA,SEDS.CLTCB.CA.A,Billion Btu
2014,39486.0,CA,SEDS.CLTCB.CA.A,Billion Btu
2013,38151.0,CA,SEDS.CLTCB.CA.A,Billion Btu
2012,43832.0,CA,SEDS.CLTCB.CA.A,Billion Btu
2011,55264.0,CA,SEDS.CLTCB.CA.A,Billion Btu
2010,54972.0,CA,SEDS.CLTCB.CA.A,Billion Btu
2009,52403.0,CA,SEDS.CLTCB.CA.A,Billion Btu
2008,63050.0,CA,SEDS.CLTCB.CA.A,Billion Btu
2007,66495.0,CA,SEDS.CLTCB.CA.A,Billion Btu
2006,67017.0,CA,SEDS.CLTCB.CA.A,Billion Btu
2005,67422.0,CA,SEDS.CLTCB.CA.A,Billion Btu
2004,68909.0,CA,SEDS.CLTCB.CA.A,Billion Btu
2003,69469.0,CA,SEDS.CLTCB.CA.A,Billion Btu
2002,70010.0,CA,SEDS.CLTCB.CA.A,Billion Btu
2001,67839.0,CA,SEDS.CLTCB.CA.A,Billion Btu
2000,70012.0,CA,SEDS.CLTCB.CA.A,Billion Btu
1999,69547.0,CA,SEDS.CLTCB.CA.A,Billion Btu
1998,66157.0,CA,SEDS.CLTCB.CA.A,Billion Btu
1997,82651.0,CA,SEDS.CLTCB.CA.A,Billion Btu
1996,80324.0,CA,SEDS.CLTCB.CA.A,Billion Btu
1995,84323.0,CA,SEDS.CLTCB.CA.A,Billion Btu
1994,84616.0,CA,SEDS.CLTCB.CA.A,Billion Btu
1993,84669.0,CA,SEDS.CLTCB.CA.A,Billion Btu
1992,91515.0,CA,SEDS.CLTCB.CA.A,Billion Btu
1991,89519.0,CA,SEDS.CLTCB.CA.A,Billion Btu
1990,84160.0,CA,SEDS.CLTCB.CA.A,Billion Btu
1989,66427.0,CA,SEDS.CLTCB.CA.A,Billion Btu
1988,50824.0,CA,SEDS.CLTCB.CA.A,Billion Btu
1987,44951.0,CA,SEDS.CLTCB.CA.A,Billion Btu
1986,42519.0,CA,SEDS.CLTCB.CA.A,Billion Btu
1985,45264.0,CA,SEDS.CLTCB.CA.A,Billion Btu
1984,37243.0,CA,SEDS.CLTCB.CA.A,Billion Btu
1983,32022.0,CA,SEDS.CLTCB.CA.A,Billion Btu
1982,69415.0,CA,SEDS.CLTCB.CA.A,Billion Btu
1981,78401.0,CA,SEDS.CLTCB.CA.A,Billion Btu
1980,66170.0,CA,SEDS.CLTCB.CA.A,Billion Btu
1979,68565.0,CA,SEDS.CLTCB.CA.A,Billion Btu
1978,67892.0,CA,SEDS.CLTCB.CA.A,Billion Btu
1977,75109.0,CA,SEDS.CLTCB.CA.A,Billion Btu
1976,66630.0,CA,SEDS.CLTCB.CA.A,Billion Btu
1975,56405.0,CA,SEDS.CLTCB.CA.A,Billion Btu
1974,60670.0,CA,SEDS.CLTCB.CA.A,Billion Btu
1973,66956.0,CA,SEDS.CLTCB.CA.A,Billion Btu
1972,47452.0,CA,SEDS.CLTCB.CA.A,Billion Btu
1971,51015.0,CA,SEDS.CLTCB.CA.A,Billion Btu
1970,61812.0,CA,SEDS.CLTCB.CA.A,Billion Btu
1969,60031.0,CA,SEDS.CLTCB.CA.A,Billion Btu
1968,57011.0,CA,SEDS.CLTCB.CA.A,Billion Btu
1967,53949.0,CA,SEDS.CLTCB.CA.A,Billion Btu
1966,51515.0,CA,SEDS.CLTCB.CA.A,Billion Btu
1965,63693.0,CA,SEDS.CLTCB.CA.A,Billion Btu
1964,53723.0,CA,SEDS.CLTCB.CA.A,Billion Btu
1963,46127.0,CA,SEDS.CLTCB.CA.A,Billion Btu
1962,39681.0,CA,SEDS.CLTCB.CA.A,Billion Btu
1961,59106.0,CA,SEDS.CLTCB.CA.A,Billion Btu
1960,35903.0,CA,SEDS.CLTCB.CA.A,Billion Btu
2024,2010464.0,CA,SEDS.NNTCB.CA.A,Billion Btu
2023,2154560.0,CA,SEDS.NNTCB.CA.A,Billion Btu
2022,2131372.0,CA,SEDS.NNTCB.CA.A,Billion Btu
2021,2172757.0,CA,SEDS.NNTCB.CA.A,Billion Btu
2020,2153254.0,CA,SEDS.NNTCB.CA.A,Billion Btu
2019,2218732.0,CA,SEDS.NNTCB.CA.A,Billion Btu
2018,2209801.0,CA,SEDS.NNTCB.CA.A,Billion Btu
2017,2190994.0,CA,SEDS.NNTCB.CA.A,Billion Btu
2016,2248939.0,CA,SEDS.NNTCB.CA.A,Billion Btu
2015,2384061.0,CA,SEDS.NNTCB.CA.A,Billion Btu
2014,2409574.0,CA,SEDS.NNTCB.CA.A,Billion Btu
2013,2480792.0,CA,SEDS.NNTCB.CA.A,Billion Btu
2012,2456371.0,CA,SEDS.NNTCB.CA.A,Billion Btu
2011,2196252.0,CA,SEDS.NNTCB.CA.A,Billion Btu
2010,2325411.0,CA,SEDS.NNTCB.CA.A,Billion Btu
2009,2391374.0,CA,SEDS.NNTCB.CA.A,Billion Btu
2008,2472612.0,CA,SEDS.NNTCB.CA.A,Billion Btu
2007,2467545.0,CA,SEDS.NNTCB.CA.A,Billion Btu
2006,2375929.0,CA,SEDS.NNTCB.CA.A,Billion Btu
2005,2304463.0,CA,SEDS.NNTCB.CA.A,Billion Btu
2004,2462247.0,CA,SEDS.NNTCB.CA.A,Billion Btu
2003,2317062.0,CA,SEDS.NNTCB.CA.A,Billion Btu
2002,2318656.0,CA,SEDS.NNTCB.CA.A,Billion Btu
2001,2513856.0,CA,SEDS.NNTCB.CA.A,Billion Btu
2000,2456438.0,CA,SEDS.NNTCB.CA.A,Billion Btu
1999,2379558.0,CA,SEDS.NNTCB.CA.A,Billion Btu
1998,2418688.0,CA,SEDS.NNTCB.CA.A,Billion Btu
1997,2185029.0,CA,SEDS.NNTCB.CA.A,Billion Btu
1996,2017680.0,CA,SEDS.NNTCB.CA.A,Billion Btu
1995,2109956.0,CA,SEDS.NNTCB.CA.A,Billion Btu
1994,2334777.0,CA,SEDS.NNTCB.CA.A,Billion Btu
1993,2213111.0,CA,SEDS.NNTCB.CA.A,Billion Btu
1992,2294135.0,CA,SEDS.NNTCB.CA.A,Billion Btu
1991,2208285.0,CA,SEDS.NNTCB.CA.A,Billion Btu
1990,2101602.0,CA,SEDS.NNTCB.CA.A,Billion Btu
1989,2047845.0,CA,SEDS.NNTCB.CA.A,Billion Btu
1988,1860391.0,CA,SEDS.NNTCB.CA.A,Billion Btu
1987,1992956.0,CA,SEDS.NNTCB.CA.A,Billion Btu
1986,1591045.0,CA,SEDS.NNTCB.CA.A,Billion Btu
1985,1925459.0,CA,SEDS.NNTCB.CA.A,Billion Btu
1984,1739833.0,CA,SEDS.NNTCB.CA.A,Billion Btu
1983,1601037.0,CA,SEDS.NNTCB.CA.A,Billion Btu
1982,1765171.0,CA,SEDS.NNTCB.CA.A,Billion Btu
1981,1947370.0,CA,SEDS.NNTCB.CA.A,Billion Btu
1980,1890887.0,CA,SEDS.NNTCB.CA.A,Billion Btu
1979,1900357.0,CA,SEDS.NNTCB.CA.A,Billion Btu
1978,1646333.0,CA,SEDS.NNTCB.CA.A,Billion Btu
1977,1864187.0,CA,SEDS.NNTCB.CA.A,Billion Btu
1976,1849711.0,CA,SEDS.NNTCB.CA.A,Billion Btu
1975,1937322.0,CA,SEDS.NNTCB.CA.A,Billion Btu
1974,1937140.0,CA,SEDS.NNTCB.CA.A,Billion Btu
1973,2154045.0,CA,SEDS.NNTCB.CA.A,Billion Btu
1972,2303562.0,CA,SEDS.NNTCB.CA.A,Billion Btu
1971,2265324.0,CA,SEDS.NNTCB.CA.A,Billion Btu
1970,2241295.0,CA,SEDS.NNTCB.CA.A,Billion Btu
1969,2189883.0,CA,SEDS.NNTCB.CA.A,Billion Btu
1968,2187260.0,CA,SEDS.NNTCB.CA.A,Billion Btu
1967,2048734.0,CA,SEDS.NNTCB.CA.A,Billion Btu
1966,1982305.0,CA,SEDS.NNTCB.CA.A,Billion Btu
1965,1813213.0,CA,SEDS.NNTCB.CA.A,Billion Btu
1964,1817241.0,CA,SEDS.NNTCB.CA.A,Billion Btu
1963,1623370.0,CA,SEDS.NNTCB.CA.A,Billion Btu
1962,1483423.0,CA,SEDS.NNTCB.CA.A,Billion Btu
1961,1400174.0,CA,SEDS.NNTCB.CA.A,Billion Btu
1960,1301826.0,CA,SEDS.NNTCB.CA.A,Billion Btu
2024,191930.0,CA,SEDS.NUETB.CA.A,Billion Btu
2023,185192.0,CA,SEDS.NUETB.CA.A,Billion Btu
2022,183814.0,CA,SEDS.NUETB.CA.A,Billion Btu
2021,171842.0,CA,SEDS.NUETB.CA.A,Billion Btu
2020,169838.0,CA,SEDS.NUETB.CA.A,Billion Btu
2019,168799.0,CA,SEDS.NUETB.CA.A,Billion Btu
2018,190422.0,CA,SEDS.NUETB.CA.A,Billion Btu
2017,187227.0,CA,SEDS.NUETB.CA.A,Billion Btu
2016,197754.0,CA,SEDS.NUETB.CA.A,Billion Btu
2015,193529.0,CA,SEDS.NUETB.CA.A,Billion Btu
2014,177656.0,CA,SEDS.NUETB.CA.A,Billion Btu
2013,187162.0,CA,SEDS.NUETB.CA.A,Billion Btu
2012,193939.0,CA,SEDS.NUETB.CA.A,Billion Btu
2011,383644.0,CA,SEDS.NUETB.CA.A,Billion Btu
2010,336562.0,CA,SEDS.NUETB.CA.A,Billion Btu
2009,332218.0,CA,SEDS.NUETB.CA.A,Billion Btu
2008,339506.0,CA,SEDS.NUETB.CA.A,Billion Btu
2007,375427.0,CA,SEDS.NUETB.CA.A,Billion Btu
2006,333488.0,CA,SEDS.NUETB.CA.A,Billion Btu
2005,377313.0,CA,SEDS.NUETB.CA.A,Billion Btu
2004,315634.0,CA,SEDS.NUETB.CA.A,Billion Btu
2003,370958.0,CA,SEDS.NUETB.CA.A,Billion Btu
2002,358707.0,CA,SEDS.NUETB.CA.A,Billion Btu
2001,346911.0,CA,SEDS.NUETB.CA.A,Billion Btu
2000,366845.0,CA,SEDS.NUETB.CA.A,Billion Btu
1999,348736.0,CA,SEDS.NUETB.CA.A,Billion Btu
1998,362928.0,CA,SEDS.NUETB.CA.A,Billion Btu
1997,320194.0,CA,SEDS.NUETB.CA.A,Billion Btu
1996,358119.0,CA,SEDS.NUETB.CA.A,Billion Btu
1995,317794.0,CA,SEDS.NUETB.CA.A,Billion Btu
1994,352778.0,CA,SEDS.NUETB.CA.A,Billion Btu
1993,331724.0,CA,SEDS.NUETB.CA.A,Billion Btu
1992,369043.0,CA,SEDS.NUETB.CA.A,Billion Btu
1991,330684.0,CA,SEDS.NUETB.CA.A,Billion Btu
1990,345955.0,CA,SEDS.NUETB.CA.A,Billion Btu
1989,344146.0,CA,SEDS.NUETB.CA.A,Billion Btu
1988,327209.0,CA,SEDS.NUETB.CA.A,Billion Btu
1987,317298.0,CA,SEDS.NUETB.CA.A,Billion Btu
1986,277332.0,CA,SEDS.NUETB.CA.A,Billion Btu
1985,209565.0,CA,SEDS.NUETB.CA.A,Billion Btu
1984,153366.0,CA,SEDS.NUETB.CA.A,Billion Btu
1983,61214.0,CA,SEDS.NUETB.CA.A,Billion Btu
1982,41357.0,CA,SEDS.NUETB.CA.A,Billion Btu
1981,35367.0,CA,SEDS.NUETB.CA.A,Billion Btu
1980,53665.0,CA,SEDS.NUETB.CA.A,Billion Btu
1979,95320.0,CA,SEDS.NUETB.CA.A,Billion Btu
1978,83801.0,CA,SEDS.NUETB.CA.A,Billion Btu
1977,87396.0,CA,SEDS.NUETB.CA.A,Billion Btu
1976,53107.0,CA,SEDS.NUETB.CA.A,Billion Btu
1975,66855.0,CA,SEDS.NUETB.CA.A,Billion Btu
1974,41277.0,CA,SEDS.NUETB.CA.A,Billion Btu
1973,28689.0,CA,SEDS.NUETB.CA.A,Billion Btu
1972,34266.0,CA,SEDS.NUETB.CA.A,Billion Btu
1971,38137.0,CA,SEDS.NUETB.CA.A,Billion Btu
1970,34375.0,CA,SEDS.NUETB.CA.A,Billion Btu
1969,27127.0,CA,SEDS.NUETB.CA.A,Billion Btu
1968,17003.0,CA,SEDS.NUETB.CA.A,Billion Btu
1967,6503.0,CA,SEDS.NUETB.CA.A,Billion Btu
1966,1895.0,CA,SEDS.NUETB.CA.A,Billion Btu
1965,3193.0,CA,SEDS.NUETB.CA.A,Billion Btu
1964,4369.0,CA,SEDS.NUETB.CA.A,Billion Btu
1963,2288.0,CA,SEDS.NUETB.CA.A,Billion Btu
1962,84.0,CA,SEDS.NUETB.CA.A,Billion Btu
1961,55.0,CA,SEDS.NUETB.CA.A,Billion Btu
1960,1.0,CA,SEDS.NUETB.CA.A,Billion Btu
2024,2981768.0,CA,SEDS.PMTCB.CA.A,Billion Btu
2023,2992521.0,CA,SEDS.PMTCB.CA.A,Billion Btu
2022,3017613.0,CA,SEDS.PMTCB.CA.A,Billion Btu
2021,2959919.0,CA,SEDS.PMTCB.CA.A,Billion Btu
2020,2660428.0,CA,SEDS.PMTCB.CA.A,Billion Btu
2019,3372257.0,CA,SEDS.PMTCB.CA.A,Billion Btu
2018,3390054.0,CA,SEDS.PMTCB.CA.A,Billion Btu
2017,3365600.0,CA,SEDS.PMTCB.CA.A,Billion Btu
2016,3285086.0,CA,SEDS.PMTCB.CA.A,Billion Btu
2015,3169697.0,CA,SEDS.PMTCB.CA.A,Billion Btu
2014,3064557.0,CA,SEDS.PMTCB.CA.A,Billion Btu
2013,3076413.0,CA,SEDS.PMTCB.CA.A,Billion Btu
2012,3088263.0,CA,SEDS.PMTCB.CA.A,Billion Btu
2011,3183766.0,CA,SEDS.PMTCB.CA.A,Billion Btu
2010,3253819.0,CA,SEDS.PMTCB.CA.A,Billion Btu
2009,3409620.0,CA,SEDS.PMTCB.CA.A,Billion Btu
2008,3553537.0,CA,SEDS.PMTCB.CA.A,Billion Btu
2007,3795097.0,CA,SEDS.PMTCB.CA.A,Billion Btu
2006,3786528.0,CA,SEDS.PMTCB.CA.A,Billion Btu
2005,3741092.0,CA,SEDS.PMTCB.CA.A,Billion Btu
2004,3670782.0,CA,SEDS.PMTCB.CA.A,Billion Btu
2003,3520087.0,CA,SEDS.PMTCB.CA.A,Billion Btu
2002,3704382.0,CA,SEDS.PMTCB.CA.A,Billion Btu
2001,3585715.0,CA,SEDS.PMTCB.CA.A,Billion Btu
2000,3571465.0,CA,SEDS.PMTCB.CA.A,Billion Btu
1999,3423775.0,CA,SEDS.PMTCB.CA.A,Billion Btu
1998,3315357.0,CA,SEDS.PMTCB.CA.A,Billion Btu
1997,3292194.0,CA,SEDS.PMTCB.CA.A,Billion Btu
1996,3380192.0,CA,SEDS.PMTCB.CA.A,Billion Btu
1995,3313101.0,CA,SEDS.PMTCB.CA.A,Billion Btu
1994,3304777.0,CA,SEDS.PMTCB.CA.A,Billion Btu
1993,3155634.0,CA,SEDS.PMTCB.CA.A,Billion Btu
1992,3245822.0,CA,SEDS.PMTCB.CA.A,Billion Btu
1991,3254790.0,CA,SEDS.PMTCB.CA.A,Billion Btu
1990,3505561.0,CA,SEDS.PMTCB.CA.A,Billion Btu
1989,3567746.0,CA,SEDS.PMTCB.CA.A,Billion Btu
1988,3515528.0,CA,SEDS.PMTCB.CA.A,Billion Btu
1987,3319791.0,CA,SEDS.PMTCB.CA.A,Billion Btu
1986,3186566.0,CA,SEDS.PMTCB.CA.A,Billion Btu
1985,3125366.0,CA,SEDS.PMTCB.CA.A,Billion Btu
1984,3213001.0,CA,SEDS.PMTCB.CA.A,Billion Btu
1983,2979017.0,CA,SEDS.PMTCB.CA.A,Billion Btu
1982,2874156.0,CA,SEDS.PMTCB.CA.A,Billion Btu
1981,3210880.0,CA,SEDS.PMTCB.CA.A,Billion Btu
1980,3477280.0,CA,SEDS.PMTCB.CA.A,Billion Btu
1979,3733951.0,CA,SEDS.PMTCB.CA.A,Billion Btu
1978,3654422.0,CA,SEDS.PMTCB.CA.A,Billion Btu
1977,3611311.0,CA,SEDS.PMTCB.CA.A,Billion Btu
1976,3244758.0,CA,SEDS.PMTCB.CA.A,Billion Btu
1975,2976517.0,CA,SEDS.PMTCB.CA.A,Billion Btu
1974,2872447.0,CA,SEDS.PMTCB.CA.A,Billion Btu
1973,3048428.0,CA,SEDS.PMTCB.CA.A,Billion Btu
1972,2734460.0,CA,SEDS.PMTCB.CA.A,Billion Btu
1971,2655395.0,CA,SEDS.PMTCB.CA.A,Billion Btu
1970,2502535.0,CA,SEDS.PMTCB.CA.A,Billion Btu
1969,2458067.0,CA,SEDS.PMTCB.CA.A,Billion Btu
1968,2403681.0,CA,SEDS.PMTCB.CA.A,Billion Btu
1967,2251677.0,CA,SEDS.PMTCB.CA.A,Billion Btu
1966,2219598.0,CA,SEDS.PMTCB.CA.A,Billion Btu
1965,2089816.0,CA,SEDS.PMTCB.CA.A,Billion Btu
1964,2027468.0,CA,SEDS.PMTCB.CA.A,Billion Btu
1963,1915789.0,CA,SEDS.PMTCB.CA.A,Billion Btu
1962,1879327.0,CA,SEDS.PMTCB.CA.A,Billion Btu
1961,1892977.0,CA,SEDS.PMTCB.CA.A,Billion Btu
1960,1836912.0,CA,SEDS.PMTCB.CA.A,Billion Btu
2023,1064641.0,CA,SEDS.RETCB.CA.A,Billion Btu
2022,880835.0,CA,SEDS.RETCB.CA.A,Billion Btu
2021,809581.0,CA,SEDS.RETCB.CA.A,Billion Btu
2020,738376.0,CA,SEDS.RETCB.CA.A,Billion Btu
2019,788792.0,CA,SEDS.RETCB.CA.A,Billion Btu
2018,690792.0,CA,SEDS.RETCB.CA.A,Billion Btu
2017,724945.0,CA,SEDS.RETCB.CA.A,Billion Btu
2016,645141.0,CA,SEDS.RETCB.CA.A,Billion Btu
2015,564184.0,CA,SEDS.RETCB.CA.A,Billion Btu
2014,560635.0,CA,SEDS.RETCB.CA.A,Billion Btu
2013,554027.0,CA,SEDS.RETCB.CA.A,Billion Btu
2012,495642.0,CA,SEDS.RETCB.CA.A,Billion Btu
2011,541230.0,CA,SEDS.RETCB.CA.A,Billion Btu
2010,492958.0,CA,SEDS.RETCB.CA.A,Billion Btu
2009,419883.0,CA,SEDS.RETCB.CA.A,Billion Btu
2008,397934.0,CA,SEDS.RETCB.CA.A,Billion Btu
2007,403528.0,CA,SEDS.RETCB.CA.A,Billion Btu
2006,464148.0,CA,SEDS.RETCB.CA.A,Billion Btu
2005,439340.0,CA,SEDS.RETCB.CA.A,Billion Btu
2004,423563.0,CA,SEDS.RETCB.CA.A,Billion Btu
2003,406651.0,CA,SEDS.RETCB.CA.A,Billion Btu
2002,355371.0,CA,SEDS.RETCB.CA.A,Billion Btu
2001,325466.0,CA,SEDS.RETCB.CA.A,Billion Btu
2000,370066.0,CA,SEDS.RETCB.CA.A,Billion Btu
1999,372132.0,CA,SEDS.RETCB.CA.A,Billion Btu
1998,392331.0,CA,SEDS.RETCB.CA.A,Billion Btu
1997,376474.0,CA,SEDS.RETCB.CA.A,Billion Btu
1996,404112.0,CA,SEDS.RETCB.CA.A,Billion Btu
1995,419049.0,CA,SEDS.RETCB.CA.A,Billion Btu
1994,355772.0,CA,SEDS.RETCB.CA.A,Billion Btu
1993,416004.0,CA,SEDS.RETCB.CA.A,Billion Btu
1992,377508.0,CA,SEDS.RETCB.CA.A,Billion Btu
1991,376041.0,CA,SEDS.RETCB.CA.A,Billion Btu
1990,383113.0,CA,SEDS.RETCB.CA.A,Billion Btu
1989,413507.0,CA,SEDS.RETCB.CA.A,Billion Btu
1988,283719.0,CA,SEDS.RETCB.CA.A,Billion Btu
1987,278026.0,CA,SEDS.RETCB.CA.A,Billion Btu
1986,305255.0,CA,SEDS.RETCB.CA.A,Billion Btu
1985,306810.0,CA,SEDS.RETCB.CA.A,Billion Btu
1984,339406.0,CA,SEDS.RETCB.CA.A,Billion Btu
1983,363470.0,CA,SEDS.RETCB.CA.A,Billion Btu
1982,315009.0,CA,SEDS.RETCB.CA.A,Billion Btu
1981,254048.0,CA,SEDS.RETCB.CA.A,Billion Btu
1980,272059.0,CA,SEDS.RETCB.CA.A,Billion Btu
1979,297376.0,CA,SEDS.RETCB.CA.A,Billion Btu
1978,297367.0,CA,SEDS.RETCB.CA.A,Billion Btu
1977,212831.0,CA,SEDS.RETCB.CA.A,Billion Btu
1976,236233.0,CA,SEDS.RETCB.CA.A,Billion Btu
1975,275396.0,CA,SEDS.RETCB.CA.A,Billion Btu
1974,301484.0,CA,SEDS.RETCB.CA.A,Billion Btu
1973,269058.0,CA,SEDS.RETCB.CA.A,Billion Btu
1972,240952.0,CA,SEDS.RETCB.CA.A,Billion Btu
1971,254219.0,CA,SEDS.RETCB.CA.A,Billion Btu
1970,248565.0,CA,SEDS.RETCB.CA.A,Billion Btu
1969,256255.0,CA,SEDS.RETCB.CA.A,Billion Btu
1968,204480.0,CA,SEDS.RETCB.CA.A,Billion Btu
1967,223328.0,CA,SEDS.RETCB.CA.A,Billion Btu
1966,190831.0,CA,SEDS.RETCB.CA.A,Billion Btu
1965,202276.0,CA,SEDS.RETCB.CA.A,Billion Btu
1964,174530.0,CA,SEDS.RETCB.CA.A,Billion Btu
1963,180034.0,CA,SEDS.RETCB.CA.A,Billion Btu
1962,165152.0,CA,SEDS.RETCB.CA.A,Billion Btu
1961,136263.0,CA,SEDS.RETCB.CA.A,Billion Btu
1960,141733.0,CA,SEDS.RETCB.CA.A,Billion Btu
2024,0.0,CA,SEDS.ELISB.CA.A,Billion Btu
2023,371680.0,CA,SEDS.ELISB.CA.A,Billion Btu
2022,600661.0,CA,SEDS.ELISB.CA.A,Billion Btu
2021,623973.0,CA,SEDS.ELISB.CA.A,Billion Btu
2020,672644.0,CA,SEDS.ELISB.CA.A,Billion Btu
2019,636493.0,CA,SEDS.ELISB.CA.A,Billion Btu
2018,777555.0,CA,SEDS.ELISB.CA.A,Billion Btu
2017,595675.0,CA,SEDS.ELISB.CA.A,Billion Btu
2016,676125.0,CA,SEDS.ELISB.CA.A,Billion Btu
2015,749236.0,CA,SEDS.ELISB.CA.A,Billion Btu
2014,760461.0,CA,SEDS.ELISB.CA.A,Billion Btu
2013,768897.0,CA,SEDS.ELISB.CA.A,Billion Btu
2012,766854.0,CA,SEDS.ELISB.CA.A,Billion Btu
2011,807700.0,CA,SEDS.ELISB.CA.A,Billion Btu
2010,796911.0,CA,SEDS.ELISB.CA.A,Billion Btu
2009,815499.0,CA,SEDS.ELISB.CA.A,Billion Btu
2008,905983.0,CA,SEDS.ELISB.CA.A,Billion Btu
2007,796446.0,CA,SEDS.ELISB.CA.A,Billion Btu
2006,750560.0,CA,SEDS.ELISB.CA.A,Billion Btu
2005,793482.0,CA,SEDS.ELISB.CA.A,Billion Btu
2004,890292.0,CA,SEDS.ELISB.CA.A,Billion Btu
2003,755824.0,CA,SEDS.ELISB.CA.A,Billion Btu
2002,781544.0,CA,SEDS.ELISB.CA.A,Billion Btu
2001,759868.0,CA,SEDS.ELISB.CA.A,Billion Btu
2000,658249.0,CA,SEDS.ELISB.CA.A,Billion Btu
1999,771283.0,CA,SEDS.ELISB.CA.A,Billion Btu
1998,777748.0,CA,SEDS.ELISB.CA.A,Billion Btu
1997,802130.0,CA,SEDS.ELISB.CA.A,Billion Btu
1996,681670.0,CA,SEDS.ELISB.CA.A,Billion Btu
1995,587082.0,CA,SEDS.ELISB.CA.A,Billion Btu
1994,535130.0,CA,SEDS.ELISB.CA.A,Billion Btu
1993,507805.0,CA,SEDS.ELISB.CA.A,Billion Btu
1992,635465.0,CA,SEDS.ELISB.CA.A,Billion Btu
1991,741708.0,CA,SEDS.ELISB.CA.A,Billion Btu
1990,684677.0,CA,SEDS.ELISB.CA.A,Billion Btu
1989,810941.0,CA,SEDS.ELISB.CA.A,Billion Btu
1988,955790.0,CA,SEDS.ELISB.CA.A,Billion Btu
1987,815734.0,CA,SEDS.ELISB.CA.A,Billion Btu
1986,919464.0,CA,SEDS.ELISB.CA.A,Billion Btu
1985,812868.0,CA,SEDS.ELISB.CA.A,Billion Btu
1984,868265.0,CA,SEDS.ELISB.CA.A,Billion Btu
1983,870300.0,CA,SEDS.ELISB.CA.A,Billion Btu
1982,834635.0,CA,SEDS.ELISB.CA.A,Billion Btu
1981,656926.0,CA,SEDS.ELISB.CA.A,Billion Btu
1980,622868.0,CA,SEDS.ELISB.CA.A,Billion Btu
1979,470420.0,CA,SEDS.ELISB.CA.A,Billion Btu
1978,563754.0,CA,SEDS.ELISB.CA.A,Billion Btu
1977,382140.0,CA,SEDS.ELISB.CA.A,Billion Btu
1976,567202.0,CA,SEDS.ELISB.CA.A,Billion Btu
1975,539607.0,CA,SEDS.ELISB.CA.A,Billion Btu
1974,438451.0,CA,SEDS.ELISB.CA.A,Billion Btu
1973,323160.0,CA,SEDS.ELISB.CA.A,Billion Btu
1972,348976.0,CA,SEDS.ELISB.CA.A,Billion Btu
1971,321767.0,CA,SEDS.ELISB.CA.A,Billion Btu
1970,260488.0,CA,SEDS.ELISB.CA.A,Billion Btu
1969,215440.0,CA,SEDS.ELISB.CA.A,Billion Btu
1968,110028.0,CA,SEDS.ELISB.CA.A,Billion Btu
1967,119220.0,CA,SEDS.ELISB.CA.A,Billion Btu
1966,78998.0,CA,SEDS.ELISB.CA.A,Billion Btu
1965,94940.0,CA,SEDS.ELISB.CA.A,Billion Btu
1964,34874.0,CA,SEDS.ELISB.CA.A,Billion Btu
1963,59589.0,CA,SEDS.ELISB.CA.A,Billion Btu
1962,57275.0,CA,SEDS.ELISB.CA.A,Billion Btu
1961,26748.0,CA,SEDS.ELISB.CA.A,Billion Btu
1960,45687.0,CA,SEDS.ELISB.CA.A,Billion Btu
2024,15473.0,CA,SEDS.ELNIB.CA.A,Billion Btu
2023,15273.0,CA,SEDS.ELNIB.CA.A,Billion Btu
2022,10930.0,CA,SEDS.ELNIB.CA.A,Billion Btu
2021,12500.0,CA,SEDS.ELNIB.CA.A,Billion Btu
2020,11045.0,CA,SEDS.ELNIB.CA.A,Billion Btu
2019,16092.0,CA,SEDS.ELNIB.CA.A,Billion Btu
2018,2472.0,CA,SEDS.ELNIB.CA.A,Billion Btu
2017,48598.0,CA,SEDS.ELNIB.CA.A,Billion Btu
2016,52498.0,CA,SEDS.ELNIB.CA.A,Billion Btu
2015,46516.0,CA,SEDS.ELNIB.CA.A,Billion Btu
2014,41998.0,CA,SEDS.ELNIB.CA.A,Billion Btu
2013,37362.0,CA,SEDS.ELNIB.CA.A,Billion Btu
2012,29352.0,CA,SEDS.ELNIB.CA.A,Billion Btu
2011,20081.0,CA,SEDS.ELNIB.CA.A,Billion Btu
2010,10483.0,CA,SEDS.ELNIB.CA.A,Billion Btu
2009,8628.0,CA,SEDS.ELNIB.CA.A,Billion Btu
2008,16019.0,CA,SEDS.ELNIB.CA.A,Billion Btu
2007,18782.0,CA,SEDS.ELNIB.CA.A,Billion Btu
2006,8092.0,CA,SEDS.ELNIB.CA.A,Billion Btu
2005,18858.0,CA,SEDS.ELNIB.CA.A,Billion Btu
2004,4241.0,CA,SEDS.ELNIB.CA.A,Billion Btu
2003,14078.0,CA,SEDS.ELNIB.CA.A,Billion Btu
2002,6379.0,CA,SEDS.ELNIB.CA.A,Billion Btu
2001,10423.0,CA,SEDS.ELNIB.CA.A,Billion Btu
2000,11536.0,CA,SEDS.ELNIB.CA.A,Billion Btu
1999,643.0,CA,SEDS.ELNIB.CA.A,Billion Btu
1998,-2104.0,CA,SEDS.ELNIB.CA.A,Billion Btu
1997,4502.0,CA,SEDS.ELNIB.CA.A,Billion Btu
1996,4191.0,CA,SEDS.ELNIB.CA.A,Billion Btu
1995,5932.0,CA,SEDS.ELNIB.CA.A,Billion Btu
1994,7014.0,CA,SEDS.ELNIB.CA.A,Billion Btu
1993,6710.0,CA,SEDS.ELNIB.CA.A,Billion Btu
1992,7073.0,CA,SEDS.ELNIB.CA.A,Billion Btu
1991,10203.0,CA,SEDS.ELNIB.CA.A,Billion Btu
1990,15758.0,CA,SEDS.ELNIB.CA.A,Billion Btu
1989,14424.0,CA,SEDS.ELNIB.CA.A,Billion Btu
1988,24859.0,CA,SEDS.ELNIB.CA.A,Billion Btu
1987,26421.0,CA,SEDS.ELNIB.CA.A,Billion Btu
1986,12899.0,CA,SEDS.ELNIB.CA.A,Billion Btu
1985,13834.0,CA,SEDS.ELNIB.CA.A,Billion Btu
1984,215.0,CA,SEDS.ELNIB.CA.A,Billion Btu
1983,91.0,CA,SEDS.ELNIB.CA.A,Billion Btu
1982,20.0,CA,SEDS.ELNIB.CA.A,Billion Btu
1981,28.0,CA,SEDS.ELNIB.CA.A,Billion Btu
1980,303.0,CA,SEDS.ELNIB.CA.A,Billion Btu
1979,0.0,CA,SEDS.ELNIB.CA.A,Billion Btu
1978,0.0,CA,SEDS.ELNIB.CA.A,Billion Btu
1977,0.0,CA,SEDS.ELNIB.CA.A,Billion Btu
1976,0.0,CA,SEDS.ELNIB.CA.A,Billion Btu
1975,0.0,CA,SEDS.ELNIB.CA.A,Billion Btu
1974,0.0,CA,SEDS.ELNIB.CA.A,Billion Btu
1973,-5.0,CA,SEDS.ELNIB.CA.A,Billion Btu
1972,0.0,CA,SEDS.ELNIB.CA.A,Billion Btu
1971,-37.0,CA,SEDS.ELNIB.CA.A,Billion Btu
1970,-37.0,CA,SEDS.ELNIB.CA.A,Billion Btu
1969,0.0,CA,SEDS.ELNIB.CA.A,Billion Btu
1968,0.0,CA,SEDS.ELNIB.CA.A,Billion Btu
1967,0.0,CA,SEDS.ELNIB.CA.A,Billion Btu
1966,0.0,CA,SEDS.ELNIB.CA.A,Billion Btu
1965,-10.0,CA,SEDS.ELNIB.CA.A,Billion Btu
1964,-80.0,CA,SEDS.ELNIB.CA.A,Billion Btu
1963,-1519.0,CA,SEDS.ELNIB.CA.A,Billion Btu
1962,-1560.0,CA,SEDS.ELNIB.CA.A,Billion Btu
1961,-1501.0,CA,SEDS.ELNIB.CA.A,Billion Btu
1960,-1363.0,CA,SEDS.ELNIB.CA.A,Billion Btu
2024,2650.0,NY,SEDS.CLTCB.NY.A,Billion Btu
2023,4823.0,NY,SEDS.CLTCB.NY.A,Billion Btu
2022,6143.0,NY,SEDS.CLTCB.NY.A,Billion Btu
2021,5370.0,NY,SEDS.CLTCB.NY.A,Billion Btu
2020,5681.0,NY,SEDS.CLTCB.NY.A,Billion Btu
2019,13648.0,NY,SEDS.CLTCB.NY.A,Billion Btu
2018,16710.0,NY,SEDS.CLTCB.NY.A,Billion Btu
2017,19553.0,NY,SEDS.CLTCB.NY.A,Billion Btu
2016,29679.0,NY,SEDS.CLTCB.NY.A,Billion Btu
2015,41241.0,NY,SEDS.CLTCB.NY.A,Billion Btu
2014,64655.0,NY,SEDS.CLTCB.NY.A,Billion Btu
2013,68707.0,NY,SEDS.CLTCB.NY.A,Billion Btu
2012,72914.0,NY,SEDS.CLTCB.NY.A,Billion Btu
2011,125181.0,NY,SEDS.CLTCB.NY.A,Billion Btu
2010,167094.0,NY,SEDS.CLTCB.NY.A,Billion Btu
2009,155965.0,NY,SEDS.CLTCB.NY.A,Billion Btu
2008,228985.0,NY,SEDS.CLTCB.NY.A,Billion Btu
2007,258450.0,NY,SEDS.CLTCB.NY.A,Billion Btu
2006,256345.0,NY,SEDS.CLTCB.NY.A,Billion Btu
2005,256879.0,NY,SEDS.CLTCB.NY.A,Billion Btu
2004,276470.0,NY,SEDS.CLTCB.NY.A,Billion Btu
2003,286179.0,NY,SEDS.CLTCB.NY.A,Billion Btu
2002,280584.0,NY,SEDS.CLTCB.NY.A,Billion Btu
2001,306993.0,NY,SEDS.CLTCB.NY.A,Billion Btu
2000,330844.0,NY,SEDS.CLTCB.NY.A,Billion Btu
1999,317998.0,NY,SEDS.CLTCB.NY.A,Billion Btu
1998,337438.0,NY,SEDS.CLTCB.NY.A,Billion Btu
1997,325232.0,NY,SEDS.CLTCB.NY.A,Billion Btu
1996,311795.0,NY,SEDS.CLTCB.NY.A,Billion Btu
1995,305274.0,NY,SEDS.CLTCB.NY.A,Billion Btu
1994,316750.0,NY,SEDS.CLTCB.NY.A,Billion Btu
1993,326194.0,NY,SEDS.CLTCB.NY.A,Billion Btu
1992,355983.0,NY,SEDS.CLTCB.NY.A,Billion Btu
1991,352268.0,NY,SEDS.CLTCB.NY.A,Billion Btu
1990,349779.0,NY,SEDS.CLTCB.NY.A,Billion Btu
1989,363802.0,NY,SEDS.CLTCB.NY.A,Billion Btu
1988,332998.0,NY,SEDS.CLTCB.NY.A,Billion Btu
1987,294305.0,NY,SEDS.CLTCB.NY.A,Billion Btu
1986,253341.0,NY,SEDS.CLTCB.NY.A,Billion Btu
1985,301368.0,NY,SEDS.CLTCB.NY.A,Billion Btu
1984,299885.0,NY,SEDS.CLTCB.NY.A,Billion Btu
1983,268018.0,NY,SEDS.CLTCB.NY.A,Billion Btu
1982,288982.0,NY,SEDS.CLTCB.NY.A,Billion Btu
1981,308653.0,NY,SEDS.CLTCB.NY.A,Billion Btu
1980,313708.0,NY,SEDS.CLTCB.NY.A,Billion Btu
1979,315174.0,NY,SEDS.CLTCB.NY.A,Billion Btu
1978,297344.0,NY,SEDS.CLTCB.NY.A,Billion Btu
1977,336851.0,NY,SEDS.CLTCB.NY.A,Billion Btu
1976,363821.0,NY,SEDS.CLTCB.NY.A,Billion Btu
1975,312508.0,NY,SEDS.CLTCB.NY.A,Billion Btu
1974,374196.0,NY,SEDS.CLTCB.NY.A,Billion Btu
1973,369320.0,NY,SEDS.CLTCB.NY.A,Billion Btu
1972,355384.0,NY,SEDS.CLTCB.NY.A,Billion Btu
1971,435654.0,NY,SEDS.CLTCB.NY.A,Billion Btu
1970,598940.0,NY,SEDS.CLTCB.NY.A,Billion Btu
1969,656531.0,NY,SEDS.CLTCB.NY.A,Billion Btu
1968,700146.0,NY,SEDS.CLTCB.NY.A,Billion Btu
1967,726567.0,NY,SEDS.CLTCB.NY.A,Billion Btu
1966,731385.0,NY,SEDS.CLTCB.NY.A,Billion Btu
1965,755238.0,NY,SEDS.CLTCB.NY.A,Billion Btu
1964,739638.0,NY,SEDS.CLTCB.NY.A,Billion Btu
1963,643946.0,NY,SEDS.CLTCB.NY.A,Billion Btu
1962,620891.0,NY,SEDS.CLTCB.NY.A,Billion Btu
1961,634013.0,NY,SEDS.CLTCB.NY.A,Billion Btu
1960,691728.0,NY,SEDS.CLTCB.NY.A,Billion Btu
2024,1366998.0,NY,SEDS.NNTCB.NY.A,Billion Btu
2023,1345406.0,NY,SEDS.NNTCB.NY.A,Billion Btu
2022,1403401.0,NY,SEDS.NNTCB.NY.A,Billion Btu
2021,1359437.0,NY,SEDS.NNTCB.NY.A,Billion Btu
2020,1305282.0,NY,SEDS.NNTCB.NY.A,Billion Btu
2019,1337750.0,NY,SEDS.NNTCB.NY.A,Billion Btu
2018,1393657.0,NY,SEDS.NNTCB.NY.A,Billion Btu
2017,1276905.0,NY,SEDS.NNTCB.NY.A,Billion Btu
2016,1336455.0,NY,SEDS.NNTCB.NY.A,Billion Btu
2015,1396693.0,NY,SEDS.NNTCB.NY.A,Billion Btu
2014,1392378.0,NY,SEDS.NNTCB.NY.A,Billion Btu
2013,1315282.0,NY,SEDS.NNTCB.NY.A,Billion Btu
2012,1260950.0,NY,SEDS.NNTCB.NY.A,Billion Btu
2011,1247757.0,NY,SEDS.NNTCB.NY.A,Billion Btu
2010,1224484.0,NY,SEDS.NNTCB.NY.A,Billion Btu
2009,1166614.0,NY,SEDS.NNTCB.NY.A,Billion Btu
2008,1205137.0,NY,SEDS.NNTCB.NY.A,Billion Btu
2007,1214349.0,NY,SEDS.NNTCB.NY.A,Billion Btu
2006,1120196.0,NY,SEDS.NNTCB.NY.A,Billion Btu
2005,1107206.0,NY,SEDS.NNTCB.NY.A,Billion Btu
2004,1126597.0,NY,SEDS.NNTCB.NY.A,Billion Btu
2003,1131344.0,NY,SEDS.NNTCB.NY.A,Billion Btu
2002,1227223.0,NY,SEDS.NNTCB.NY.A,Billion Btu
2001,1204885.0,NY,SEDS.NNTCB.NY.A,Billion Btu
2000,1278811.0,NY,SEDS.NNTCB.NY.A,Billion Btu
1999,1308185.0,NY,SEDS.NNTCB.NY.A,Billion Btu
1998,1266346.0,NY,SEDS.NNTCB.NY.A,Billion Btu
1997,1357187.0,NY,SEDS.NNTCB.NY.A,Billion Btu
1996,1229479.0,NY,SEDS.NNTCB.NY.A,Billion Btu
1995,1293868.0,NY,SEDS.NNTCB.NY.A,Billion Btu
1994,1094082.0,NY,SEDS.NNTCB.NY.A,Billion Btu
1993,1021481.0,NY,SEDS.NNTCB.NY.A,Billion Btu
1992,1032726.0,NY,SEDS.NNTCB.NY.A,Billion Btu
1991,916539.0,NY,SEDS.NNTCB.NY.A,Billion Btu
1990,894964.0,NY,SEDS.NNTCB.NY.A,Billion Btu
1989,869652.0,NY,SEDS.NNTCB.NY.A,Billion Btu
1988,812385.0,NY,SEDS.NNTCB.NY.A,Billion Btu
1987,801487.0,NY,SEDS.NNTCB.NY.A,Billion Btu
1986,749210.0,NY,SEDS.NNTCB.NY.A,Billion Btu
1985,782888.0,NY,SEDS.NNTCB.NY.A,Billion Btu
1984,809500.0,NY,SEDS.NNTCB.NY.A,Billion Btu
1983,738159.0,NY,SEDS.NNTCB.NY.A,Billion Btu
1982,790695.0,NY,SEDS.NNTCB.NY.A,Billion Btu
1981,770856.0,NY,SEDS.NNTCB.NY.A,Billion Btu
1980,752573.0,NY,SEDS.NNTCB.NY.A,Billion Btu
1979,633562.0,NY,SEDS.NNTCB.NY.A,Billion Btu
1978,576482.0,NY,SEDS.NNTCB.NY.A,Billion Btu
1977,567877.0,NY,SEDS.NNTCB.NY.A,Billion Btu
1976,604276.0,NY,SEDS.NNTCB.NY.A,Billion Btu
1975,585536.0,NY,SEDS.NNTCB.NY.A,Billion Btu
1974,641925.0,NY,SEDS.NNTCB.NY.A,Billion Btu
1973,703023.0,NY,SEDS.NNTCB.NY.A,Billion Btu
1972,707277.0,NY,SEDS.NNTCB.NY.A,Billion Btu
1971,731597.0,NY,SEDS.NNTCB.NY.A,Billion Btu
1970,725813.0,NY,SEDS.NNTCB.NY.A,Billion Btu
1969,698046.0,NY,SEDS.NNTCB.NY.A,Billion Btu
1968,653282.0,NY,SEDS.NNTCB.NY.A,Billion Btu
1967,602670.0,NY,SEDS.NNTCB.NY.A,Billion Btu
1966,645684.0,NY,SEDS.NNTCB.NY.A,Billion Btu
1965,558658.0,NY,SEDS.NNTCB.NY.A,Billion Btu
1964,527890.0,NY,SEDS.NNTCB.NY.A,Billion Btu
1963,520712.0,NY,SEDS.NNTCB.NY.A,Billion Btu
1962,491055.0,NY,SEDS.NNTCB.NY.A,Billion Btu
1961,450630.0,NY,SEDS.NNTCB.NY.A,Billion Btu
1960,434127.0,NY,SEDS.NNTCB.NY.A,Billion Btu
2024,282727.0,NY,SEDS.NUETB.NY.A,Billion Btu
2023,287690.0,NY,SEDS.NUETB.NY.A,Billion Btu
2022,280133.0,NY,SEDS.NUETB.NY.A,Billion Btu
2021,325141.0,NY,SEDS.NUETB.NY.A,Billion Btu
2020,401441.0,NY,SEDS.NUETB.NY.A,Billion Btu
2019,468481.0,NY,SEDS.NUETB.NY.A,Billion Btu
2018,448718.0,NY,SEDS.NUETB.NY.A,Billion Btu
2017,441029.0,NY,SEDS.NUETB.NY.A,Billion Btu
2016,434791.0,NY,SEDS.NUETB.NY.A,Billion Btu
2015,466457.0,NY,SEDS.NUETB.NY.A,Billion Btu
2014,450141.0,NY,SEDS.NUETB.NY.A,Billion Btu
2013,467651.0,NY,SEDS.NUETB.NY.A,Billion Btu
2012,427277.0,NY,SEDS.NUETB.NY.A,Billion Btu
2011,446761.0,NY,SEDS.NUETB.NY.A,Billion Btu
2010,437620.0,NY,SEDS.NUETB.NY.A,Billion Btu
2009,454806.0,NY,SEDS.NUETB.NY.A,Billion Btu
2008,451622.0,NY,SEDS.NUETB.NY.A,Billion Btu
2007,445288.0,NY,SEDS.NUETB.NY.A,Billion Btu
2006,440606.0,NY,SEDS.NUETB.NY.A,Billion Btu
2005,442937.0,NY,SEDS.NUETB.NY.A,Billion Btu
2004,423797.0,NY,SEDS.NUETB.NY.A,Billion Btu
2003,423959.0,NY,SEDS.NUETB.NY.A,Billion Btu
2002,413686.0,NY,SEDS.NUETB.NY.A,Billion Btu
2001,421845.0,NY,SEDS.NUETB.NY.A,Billion Btu
2000,328597.0,NY,SEDS.NUETB.NY.A,Billion Btu
1999,386844.0,NY,SEDS.NUETB.NY.A,Billion Btu
1998,328512.0,NY,SEDS.NUETB.NY.A,Billion Btu
1997,310304.0,NY,SEDS.NUETB.NY.A,Billion Btu
1996,369977.0,NY,SEDS.NUETB.NY.A,Billion Btu
1995,276714.0,NY,SEDS.NUETB.NY.A,Billion Btu
1994,305527.0,NY,SEDS.NUETB.NY.A,Billion Btu
1993,282445.0,NY,SEDS.NUETB.NY.A,Billion Btu
1992,252926.0,NY,SEDS.NUETB.NY.A,Billion Btu
1991,298252.0,NY,SEDS.NUETB.NY.A,Billion Btu
1990,249982.0,NY,SEDS.NUETB.NY.A,Billion Btu
1989,241794.0,NY,SEDS.NUETB.NY.A,Billion Btu
1988,256306.0,NY,SEDS.NUETB.NY.A,Billion Btu
1987,239397.0,NY,SEDS.NUETB.NY.A,Billion Btu
1986,233632.0,NY,SEDS.NUETB.NY.A,Billion Btu
1985,255910.0,NY,SEDS.NUETB.NY.A,Billion Btu
1984,229730.0,NY,SEDS.NUETB.NY.A,Billion Btu
1983,178577.0,NY,SEDS.NUETB.NY.A,Billion Btu
1982,159870.0,NY,SEDS.NUETB.NY.A,Billion Btu
1981,192412.0,NY,SEDS.NUETB.NY.A,Billion Btu
1980,210259.0,NY,SEDS.NUETB.NY.A,Billion Btu
1979,201340.0,NY,SEDS.NUETB.NY.A,Billion Btu
1978,237431.0,NY,SEDS.NUETB.NY.A,Billion Btu
1977,221730.0,NY,SEDS.NUETB.NY.A,Billion Btu
1976,172988.0,NY,SEDS.NUETB.NY.A,Billion Btu
1975,144387.0,NY,SEDS.NUETB.NY.A,Billion Btu
1974,103490.0,NY,SEDS.NUETB.NY.A,Billion Btu
1973,78793.0,NY,SEDS.NUETB.NY.A,Billion Btu
1972,69775.0,NY,SEDS.NUETB.NY.A,Billion Btu
1971,70670.0,NY,SEDS.NUETB.NY.A,Billion Btu
1970,46908.0,NY,SEDS.NUETB.NY.A,Billion Btu
1969,14042.0,NY,SEDS.NUETB.NY.A,Billion Btu
1968,12131.0,NY,SEDS.NUETB.NY.A,Billion Btu
1967,13321.0,NY,SEDS.NUETB.NY.A,Billion Btu
1966,9274.0,NY,SEDS.NUETB.NY.A,Billion Btu
1965,8585.0,NY,SEDS.NUETB.NY.A,Billion Btu
1964,4555.0,NY,SEDS.NUETB.NY.A,Billion Btu
1963,7017.0,NY,SEDS.NUETB.NY.A,Billion Btu
1962,706.0,NY,SEDS.NUETB.NY.A,Billion Btu
1961,0.0,NY,SEDS.NUETB.NY.A,Billion Btu
1960,0.0,NY,SEDS.NUETB.NY.A,Billion Btu
2024,1310779.0,NY,SEDS.PMTCB.NY.A,Billion Btu
2023,1332140.0,NY,SEDS.PMTCB.NY.A,Billion Btu
2022,1321398.0,NY,SEDS.PMTCB.NY.A,Billion Btu
2021,1237586.0,NY,SEDS.PMTCB.NY.A,Billion Btu
2020,1064267.0,NY,SEDS.PMTCB.NY.A,Billion Btu
2019,1384130.0,NY,SEDS.PMTCB.NY.A,Billion Btu
2018,1420826.0,NY,SEDS.PMTCB.NY.A,Billion Btu
2017,1379707.0,NY,SEDS.PMTCB.NY.A,Billion Btu
2016,1383047.0,NY,SEDS.PMTCB.NY.A,Billion Btu
2015,1383843.0,NY,SEDS.PMTCB.NY.A,Billion Btu
2014,1382122.0,NY,SEDS.PMTCB.NY.A,Billion Btu
2013,1330469.0,NY,SEDS.PMTCB.NY.A,Billion Btu
2012,1342987.0,NY,SEDS.PMTCB.NY.A,Billion Btu
2011,1388670.0,NY,SEDS.PMTCB.NY.A,Billion Btu
2010,1486624.0,NY,SEDS.PMTCB.NY.A,Billion Btu
2009,1385817.0,NY,SEDS.PMTCB.NY.A,Billion Btu
2008,1480358.0,NY,SEDS.PMTCB.NY.A,Billion Btu
2007,1562784.0,NY,SEDS.PMTCB.NY.A,Billion Btu
2006,1556773.0,NY,SEDS.PMTCB.NY.A,Billion Btu
2005,1807239.0,NY,SEDS.PMTCB.NY.A,Billion Btu
2004,1823746.0,NY,SEDS.PMTCB.NY.A,Billion Btu
2003,1760002.0,NY,SEDS.PMTCB.NY.A,Billion Btu
2002,1560207.0,NY,SEDS.PMTCB.NY.A,Billion Btu
2001,1625732.0,NY,SEDS.PMTCB.NY.A,Billion Btu
2000,1604698.0,NY,SEDS.PMTCB.NY.A,Billion Btu
1999,1522476.0,NY,SEDS.PMTCB.NY.A,Billion Btu
1998,1498639.0,NY,SEDS.PMTCB.NY.A,Billion Btu
1997,1462905.0,NY,SEDS.PMTCB.NY.A,Billion Btu
1996,1510247.0,NY,SEDS.PMTCB.NY.A,Billion Btu
1995,1441869.0,NY,SEDS.PMTCB.NY.A,Billion Btu
1994,1493381.0,NY,SEDS.PMTCB.NY.A,Billion Btu
1993,1559483.0,NY,SEDS.PMTCB.NY.A,Billion Btu
1992,1573605.0,NY,SEDS.PMTCB.NY.A,Billion Btu
1991,1667903.0,NY,SEDS.PMTCB.NY.A,Billion Btu
1990,1785597.0,NY,SEDS.PMTCB.NY.A,Billion Btu
1989,1868573.0,NY,SEDS.PMTCB.NY.A,Billion Btu
1988,1901048.0,NY,SEDS.PMTCB.NY.A,Billion Btu
1987,1853579.0,NY,SEDS.PMTCB.NY.A,Billion Btu
1986,1793211.0,NY,SEDS.PMTCB.NY.A,Billion Btu
1985,1676368.0,NY,SEDS.PMTCB.NY.A,Billion Btu
1984,1577749.0,NY,SEDS.PMTCB.NY.A,Billion Btu
1983,1606417.0,NY,SEDS.PMTCB.NY.A,Billion Btu
1982,1775955.0,NY,SEDS.PMTCB.NY.A,Billion Btu
1981,1909639.0,NY,SEDS.PMTCB.NY.A,Billion Btu
1980,2135731.0,NY,SEDS.PMTCB.NY.A,Billion Btu
1979,2382107.0,NY,SEDS.PMTCB.NY.A,Billion Btu
1978,2737616.0,NY,SEDS.PMTCB.NY.A,Billion Btu
1977,2762674.0,NY,SEDS.PMTCB.NY.A,Billion Btu
1976,2746055.0,NY,SEDS.PMTCB.NY.A,Billion Btu
1975,2575898.0,NY,SEDS.PMTCB.NY.A,Billion Btu
1974,2662440.0,NY,SEDS.PMTCB.NY.A,Billion Btu
1973,2926764.0,NY,SEDS.PMTCB.NY.A,Billion Btu
1972,2847192.0,NY,SEDS.PMTCB.NY.A,Billion Btu
1971,2745083.0,NY,SEDS.PMTCB.NY.A,Billion Btu
1970,2647016.0,NY,SEDS.PMTCB.NY.A,Billion Btu
1969,2530375.0,NY,SEDS.PMTCB.NY.A,Billion Btu
1968,2416843.0,NY,SEDS.PMTCB.NY.A,Billion Btu
1967,2354677.0,NY,SEDS.PMTCB.NY.A,Billion Btu
1966,2220867.0,NY,SEDS.PMTCB.NY.A,Billion Btu
1965,2109451.0,NY,SEDS.PMTCB.NY.A,Billion Btu
1964,1888516.0,NY,SEDS.PMTCB.NY.A,Billion Btu
1963,1902730.0,NY,SEDS.PMTCB.NY.A,Billion Btu
1962,1883701.0,NY,SEDS.PMTCB.NY.A,Billion Btu
1961,1817656.0,NY,SEDS.PMTCB.NY.A,Billion Btu
1960,1700047.0,NY,SEDS.PMTCB.NY.A,Billion Btu
2023,272646.0,NY,SEDS.RETCB.NY.A,Billion Btu
2022,269872.0,NY,SEDS.RETCB.NY.A,Billion Btu
2021,263945.0,NY,SEDS.RETCB.NY.A,Billion Btu
2020,260783.0,NY,SEDS.RETCB.NY.A,Billion Btu
2019,291996.0,NY,SEDS.RETCB.NY.A,Billion Btu
2018,289292.0,NY,SEDS.RETCB.NY.A,Billion Btu
2017,283969.0,NY,SEDS.RETCB.NY.A,Billion Btu
2016,269722.0,NY,SEDS.RETCB.NY.A,Billion Btu
2015,266962.0,NY,SEDS.RETCB.NY.A,Billion Btu
2014,252145.0,NY,SEDS.RETCB.NY.A,Billion Btu
2013,242438.0,NY,SEDS.RETCB.NY.A,Billion Btu
2012,226194.0,NY,SEDS.RETCB.NY.A,Billion Btu
2011,240517.0,NY,SEDS.RETCB.NY.A,Billion Btu
2010,226403.0,NY,SEDS.RETCB.NY.A,Billion Btu
2009,218597.0,NY,SEDS.RETCB.NY.A,Billion Btu
2008,247215.0,NY,SEDS.RETCB.NY.A,Billion Btu
2007,222090.0,NY,SEDS.RETCB.NY.A,Billion Btu
2006,218253.0,NY,SEDS.RETCB.NY.A,Billion Btu
2005,203326.0,NY,SEDS.RETCB.NY.A,Billion Btu
2004,224085.0,NY,SEDS.RETCB.NY.A,Billion Btu
2003,196092.0,NY,SEDS.RETCB.NY.A,Billion Btu
2002,194413.0,NY,SEDS.RETCB.NY.A,Billion Btu
2001,191219.0,NY,SEDS.RETCB.NY.A,Billion Btu
2000,261307.0,NY,SEDS.RETCB.NY.A,Billion Btu
1999,251643.0,NY,SEDS.RETCB.NY.A,Billion Btu
1998,261254.0,NY,SEDS.RETCB.NY.A,Billion Btu
1997,284752.0,NY,SEDS.RETCB.NY.A,Billion Btu
1996,240615.0,NY,SEDS.RETCB.NY.A,Billion Btu
1995,214169.0,NY,SEDS.RETCB.NY.A,Billion Btu
1994,218065.0,NY,SEDS.RETCB.NY.A,Billion Btu
1993,218505.0,NY,SEDS.RETCB.NY.A,Billion Btu
1992,200666.0,NY,SEDS.RETCB.NY.A,Billion Btu
1991,188187.0,NY,SEDS.RETCB.NY.A,Billion Btu
1990,193907.0,NY,SEDS.RETCB.NY.A,Billion Btu
1989,204793.0,NY,SEDS.RETCB.NY.A,Billion Btu
1988,198816.0,NY,SEDS.RETCB.NY.A,Billion Btu
1987,205392.0,NY,SEDS.RETCB.NY.A,Billion Btu
1986,220133.0,NY,SEDS.RETCB.NY.A,Billion Btu
1985,224266.0,NY,SEDS.RETCB.NY.A,Billion Btu
1984,221079.0,NY,SEDS.RETCB.NY.A,Billion Btu
1983,248273.0,NY,SEDS.RETCB.NY.A,Billion Btu
1982,217430.0,NY,SEDS.RETCB.NY.A,Billion Btu
1981,231595.0,NY,SEDS.RETCB.NY.A,Billion Btu
1980,219986.0,NY,SEDS.RETCB.NY.A,Billion Btu
1979,184538.0,NY,SEDS.RETCB.NY.A,Billion Btu
1978,173677.0,NY,SEDS.RETCB.NY.A,Billion Btu
1977,161823.0,NY,SEDS.RETCB.NY.A,Billion Btu
1976,167710.0,NY,SEDS.RETCB.NY.A,Billion Btu
1975,156809.0,NY,SEDS.RETCB.NY.A,Billion Btu
1974,160434.0,NY,SEDS.RETCB.NY.A,Billion Btu
1973,159810.0,NY,SEDS.RETCB.NY.A,Billion Btu
1972,154346.0,NY,SEDS.RETCB.NY.A,Billion Btu
1971,146920.0,NY,SEDS.RETCB.NY.A,Billion Btu
1970,148081.0,NY,SEDS.RETCB.NY.A,Billion Btu
1969,152345.0,NY,SEDS.RETCB.NY.A,Billion Btu
1968,145503.0,NY,SEDS.RETCB.NY.A,Billion Btu
1967,137102.0,NY,SEDS.RETCB.NY.A,Billion Btu
1966,134028.0,NY,SEDS.RETCB.NY.A,Billion Btu
1965,124906.0,NY,SEDS.RETCB.NY.A,Billion Btu
1964,119068.0,NY,SEDS.RETCB.NY.A,Billion Btu
1963,123205.0,NY,SEDS.RETCB.NY.A,Billion Btu
1962,128633.0,NY,SEDS.RETCB.NY.A,Billion Btu
1961,119407.0,NY,SEDS.RETCB.NY.A,Billion Btu
1960,100502.0,NY,SEDS.RETCB.NY.A,Billion Btu
2024,0.0,NY,SEDS.ELISB.NY.A,Billion Btu
2023,163380.0,NY,SEDS.ELISB.NY.A,Billion Btu
2022,132473.0,NY,SEDS.ELISB.NY.A,Billion Btu
2021,106693.0,NY,SEDS.ELISB.NY.A,Billion Btu
2020,55404.0,NY,SEDS.ELISB.NY.A,Billion Btu
2019,85800.0,NY,SEDS.ELISB.NY.A,Billion Btu
2018,111332.0,NY,SEDS.ELISB.NY.A,Billion Btu
2017,102578.0,NY,SEDS.ELISB.NY.A,Billion Btu
2016,64159.0,NY,SEDS.ELISB.NY.A,Billion Btu
2015,41984.0,NY,SEDS.ELISB.NY.A,Billion Btu
2014,56008.0,NY,SEDS.ELISB.NY.A,Billion Btu
2013,58031.0,NY,SEDS.ELISB.NY.A,Billion Btu
2012,26271.0,NY,SEDS.ELISB.NY.A,Billion Btu
2011,73503.0,NY,SEDS.ELISB.NY.A,Billion Btu
2010,124974.0,NY,SEDS.ELISB.NY.A,Billion Btu
2009,88726.0,NY,SEDS.ELISB.NY.A,Billion Btu
2008,32985.0,NY,SEDS.ELISB.NY.A,Billion Btu
2007,44398.0,NY,SEDS.ELISB.NY.A,Billion Btu
2006,61470.0,NY,SEDS.ELISB.NY.A,Billion Btu
2005,134844.0,NY,SEDS.ELISB.NY.A,Billion Btu
2004,201991.0,NY,SEDS.ELISB.NY.A,Billion Btu
2003,176422.0,NY,SEDS.ELISB.NY.A,Billion Btu
2002,140850.0,NY,SEDS.ELISB.NY.A,Billion Btu
2001,82647.0,NY,SEDS.ELISB.NY.A,Billion Btu
2000,132237.0,NY,SEDS.ELISB.NY.A,Billion Btu
1999,96535.0,NY,SEDS.ELISB.NY.A,Billion Btu
1998,43525.0,NY,SEDS.ELISB.NY.A,Billion Btu
1997,54288.0,NY,SEDS.ELISB.NY.A,Billion Btu
1996,49371.0,NY,SEDS.ELISB.NY.A,Billion Btu
1995,47612.0,NY,SEDS.ELISB.NY.A,Billion Btu
1994,86506.0,NY,SEDS.ELISB.NY.A,Billion Btu
1993,177919.0,NY,SEDS.ELISB.NY.A,Billion Btu
1992,162252.0,NY,SEDS.ELISB.NY.A,Billion Btu
1991,75334.0,NY,SEDS.ELISB.NY.A,Billion Btu
1990,91407.0,NY,SEDS.ELISB.NY.A,Billion Btu
1989,108698.0,NY,SEDS.ELISB.NY.A,Billion Btu
1988,125455.0,NY,SEDS.ELISB.NY.A,Billion Btu
1987,121492.0,NY,SEDS.ELISB.NY.A,Billion Btu
1986,147777.0,NY,SEDS.ELISB.NY.A,Billion Btu
1985,107838.0,NY,SEDS.ELISB.NY.A,Billion Btu
1984,79570.0,NY,SEDS.ELISB.NY.A,Billion Btu
1983,120911.0,NY,SEDS.ELISB.NY.A,Billion Btu
1982,130816.0,NY,SEDS.ELISB.NY.A,Billion Btu
1981,116538.0,NY,SEDS.ELISB.NY.A,Billion Btu
1980,106118.0,NY,SEDS.ELISB.NY.A,Billion Btu
1979,113726.0,NY,SEDS.ELISB.NY.A,Billion Btu
1978,53813.0,NY,SEDS.ELISB.NY.A,Billion Btu
1977,50102.0,NY,SEDS.ELISB.NY.A,Billion Btu
1976,53819.0,NY,SEDS.ELISB.NY.A,Billion Btu
1975,26515.0,NY,SEDS.ELISB.NY.A,Billion Btu
1974,52802.0,NY,SEDS.ELISB.NY.A,Billion Btu
1973,60181.0,NY,SEDS.ELISB.NY.A,Billion Btu
1972,16107.0,NY,SEDS.ELISB.NY.A,Billion Btu
1971,560.0,NY,SEDS.ELISB.NY.A,Billion Btu
1970,20468.0,NY,SEDS.ELISB.NY.A,Billion Btu
1969,31982.0,NY,SEDS.ELISB.NY.A,Billion Btu
1968,21912.0,NY,SEDS.ELISB.NY.A,Billion Btu
1967,13241.0,NY,SEDS.ELISB.NY.A,Billion Btu
1966,28299.0,NY,SEDS.ELISB.NY.A,Billion Btu
1965,9831.0,NY,SEDS.ELISB.NY.A,Billion Btu
1964,7430.0,NY,SEDS.ELISB.NY.A,Billion Btu
1963,21594.0,NY,SEDS.ELISB.NY.A,Billion Btu
1962,22835.0,NY,SEDS.ELISB.NY.A,Billion Btu
1961,-9385.0,NY,SEDS.ELISB.NY.A,Billion Btu
1960,-24704.0,NY,SEDS.ELISB.NY.A,Billion Btu
2024,20894.0,NY,SEDS.ELNIB.NY.A,Billion Btu
2023,19709.0,NY,SEDS.ELNIB.NY.A,Billion Btu
2022,41653.0,NY,SEDS.ELNIB.NY.A,Billion Btu
2021,46850.0,NY,SEDS.ELNIB.NY.A,Billion Btu
2020,47738.0,NY,SEDS.ELNIB.NY.A,Billion Btu
2019,49134.0,NY,SEDS.ELNIB.NY.A,Billion Btu
2018,53072.0,NY,SEDS.ELNIB.NY.A,Billion Btu
2017,56123.0,NY,SEDS.ELNIB.NY.A,Billion Btu
2016,61231.0,NY,SEDS.ELNIB.NY.A,Billion Btu
2015,59014.0,NY,SEDS.ELNIB.NY.A,Billion Btu
2014,54945.0,NY,SEDS.ELNIB.NY.A,Billion Btu
2013,61399.0,NY,SEDS.ELNIB.NY.A,Billion Btu
2012,56397.0,NY,SEDS.ELNIB.NY.A,Billion Btu
2011,35663.0,NY,SEDS.ELNIB.NY.A,Billion Btu
2010,23986.0,NY,SEDS.ELNIB.NY.A,Billion Btu
2009,33422.0,NY,SEDS.ELNIB.NY.A,Billion Btu
2008,45436.0,NY,SEDS.ELNIB.NY.A,Billion Btu
2007,38514.0,NY,SEDS.ELNIB.NY.A,Billion Btu
2006,34071.0,NY,SEDS.ELNIB.NY.A,Billion Btu
2005,24841.0,NY,SEDS.ELNIB.NY.A,Billion Btu
2004,17721.0,NY,SEDS.ELNIB.NY.A,Billion Btu
2003,18729.0,NY,SEDS.ELNIB.NY.A,Billion Btu
2002,37409.0,NY,SEDS.ELNIB.NY.A,Billion Btu
2001,26485.0,NY,SEDS.ELNIB.NY.A,Billion Btu
2000,29560.0,NY,SEDS.ELNIB.NY.A,Billion Btu
1999,3334.0,NY,SEDS.ELNIB.NY.A,Billion Btu
1998,2819.0,NY,SEDS.ELNIB.NY.A,Billion Btu
1997,5287.0,NY,SEDS.ELNIB.NY.A,Billion Btu
1996,24050.0,NY,SEDS.ELNIB.NY.A,Billion Btu
1995,30363.0,NY,SEDS.ELNIB.NY.A,Billion Btu
1994,43611.0,NY,SEDS.ELNIB.NY.A,Billion Btu
1993,18924.0,NY,SEDS.ELNIB.NY.A,Billion Btu
1992,10417.0,NY,SEDS.ELNIB.NY.A,Billion Btu
1991,10431.0,NY,SEDS.ELNIB.NY.A,Billion Btu
1990,2430.0,NY,SEDS.ELNIB.NY.A,Billion Btu
1989,15505.0,NY,SEDS.ELNIB.NY.A,Billion Btu
1988,41604.0,NY,SEDS.ELNIB.NY.A,Billion Btu
1987,52754.0,NY,SEDS.ELNIB.NY.A,Billion Btu
1986,52756.0,NY,SEDS.ELNIB.NY.A,Billion Btu
1985,58985.0,NY,SEDS.ELNIB.NY.A,Billion Btu
1984,71370.0,NY,SEDS.ELNIB.NY.A,Billion Btu
1983,69177.0,NY,SEDS.ELNIB.NY.A,Billion Btu
1982,51615.0,NY,SEDS.ELNIB.NY.A,Billion Btu
1981,48140.0,NY,SEDS.ELNIB.NY.A,Billion Btu
1980,24454.0,NY,SEDS.ELNIB.NY.A,Billion Btu
1979,40697.0,NY,SEDS.ELNIB.NY.A,Billion Btu
1978,16645.0,NY,SEDS.ELNIB.NY.A,Billion Btu
1977,10493.0,NY,SEDS.ELNIB.NY.A,Billion Btu
1976,8279.0,NY,SEDS.ELNIB.NY.A,Billion Btu
1975,5567.0,NY,SEDS.ELNIB.NY.A,Billion Btu
1974,10562.0,NY,SEDS.ELNIB.NY.A,Billion Btu
1973,7821.0,NY,SEDS.ELNIB.NY.A,Billion Btu
1972,5435.0,NY,SEDS.ELNIB.NY.A,Billion Btu
1971,2878.0,NY,SEDS.ELNIB.NY.A,Billion Btu
1970,3222.0,NY,SEDS.ELNIB.NY.A,Billion Btu
1969,2909.0,NY,SEDS.ELNIB.NY.A,Billion Btu
1968,94.0,NY,SEDS.ELNIB.NY.A,Billion Btu
1967,1505.0,NY,SEDS.ELNIB.NY.A,Billion Btu
1966,2867.0,NY,SEDS.ELNIB.NY.A,Billion Btu
1965,1690.0,NY,SEDS.ELNIB.NY.A,Billion Btu
1964,7269.0,NY,SEDS.ELNIB.NY.A,Billion Btu
1963,2750.0,NY,SEDS.ELNIB.NY.A,Billion Btu
1962,2963.0,NY,SEDS.ELNIB.NY.A,Billion Btu
1961,4405.0,NY,SEDS.ELNIB.NY.A,Billion Btu
1960,12361.0,NY,SEDS.ELNIB.NY.A,Billion Btu
