year,petroleum_value,state,series_key,units
2024,91328,CA,SEDS.DFTCP.CA.A,Thousand barrels
2023,96776,CA,SEDS.DFTCP.CA.A,Thousand barrels
2022,98320,CA,SEDS.DFTCP.CA.A,Thousand barrels
2021,98509,CA,SEDS.DFTCP.CA.A,Thousand barrels
2020,91727,CA,SEDS.DFTCP.CA.A,Thousand barrels
2019,98407,CA,SEDS.DFTCP.CA.A,Thousand barrels
2018,99970,CA,SEDS.DFTCP.CA.A,Thousand barrels
2017,100277,CA,SEDS.DFTCP.CA.A,Thousand barrels
2016,97173,CA,SEDS.DFTCP.CA.A,Thousand barrels
2015,98250,CA,SEDS.DFTCP.CA.A,Thousand barrels
2014,97156,CA,SEDS.DFTCP.CA.A,Thousand barrels
2013,92440,CA,SEDS.DFTCP.CA.A,Thousand barrels
2012,89815,CA,SEDS.DFTCP.CA.A,Thousand barrels
2011,93626,CA,SEDS.DFTCP.CA.A,Thousand barrels
2010,91523,CA,SEDS.DFTCP.CA.A,Thousand barrels
2009,87734,CA,SEDS.DFTCP.CA.A,Thousand barrels
2008,90395,CA,SEDS.DFTCP.CA.A,Thousand barrels
2007,99024,CA,SEDS.DFTCP.CA.A,Thousand barrels
2006,99305,CA,SEDS.DFTCP.CA.A,Thousand barrels
2005,96902,CA,SEDS.DFTCP.CA.A,Thousand barrels
2004,94023,CA,SEDS.DFTCP.CA.A,Thousand barrels
2003,82540,CA,SEDS.DFTCP.CA.A,Thousand barrels
2002,89580,CA,SEDS.DFTCP.CA.A,Thousand barrels
2001,97376,CA,SEDS.DFTCP.CA.A,Thousand barrels
2000,93456,CA,SEDS.DFTCP.CA.A,Thousand barrels
1999,82748,CA,SEDS.DFTCP.CA.A,Thousand barrels
1998,78526,CA,SEDS.DFTCP.CA.A,Thousand barrels
1997,79624,CA,SEDS.DFTCP.CA.A,Thousand barrels
1996,73677,CA,SEDS.DFTCP.CA.A,Thousand barrels
1995,73050,CA,SEDS.DFTCP.CA.A,Thousand barrels
1994,72385,CA,SEDS.DFTCP.CA.A,Thousand barrels
1993,64985,CA,SEDS.DFTCP.CA.A,Thousand barrels
1992,69190,CA,SEDS.DFTCP.CA.A,Thousand barrels
1991,74857,CA,SEDS.DFTCP.CA.A,Thousand barrels
1990,77233,CA,SEDS.DFTCP.CA.A,Thousand barrels
1989,80510,CA,SEDS.DFTCP.CA.A,Thousand barrels
1988,81954,CA,SEDS.DFTCP.CA.A,Thousand barrels
1987,68393,CA,SEDS.DFTCP.CA.A,Thousand barrels
1986,74668,CA,SEDS.DFTCP.CA.A,Thousand barrels
1985,71538,CA,SEDS.DFTCP.CA.A,Thousand barrels
1984,75417,CA,SEDS.DFTCP.CA.A,Thousand barrels
1983,68093,CA,SEDS.DFTCP.CA.A,Thousand barrels
1982,67264,CA,SEDS.DFTCP.CA.A,Thousand barrels
1981,67523,CA,SEDS.DFTCP.CA.A,Thousand barrels
1980,62277,CA,SEDS.DFTCP.CA.A,Thousand barrels
1979,66872,CA,SEDS.DFTCP.CA.A,Thousand barrels
1978,60214,CA,SEDS.DFTCP.CA.A,Thousand barrels
1977,51755,CA,SEDS.DFTCP.CA.A,Thousand barrels
1976,45810,CA,SEDS.DFTCP.CA.A,Thousand barrels
1975,42335,CA,SEDS.DFTCP.CA.A,Thousand barrels
1974,43775,CA,SEDS.DFTCP.CA.A,Thousand barrels
1973,51869,CA,SEDS.DFTCP.CA.A,Thousand barrels
1972,46087,CA,SEDS.DFTCP.CA.A,Thousand barrels
1971,47387,CA,SEDS.DFTCP.CA.A,Thousand barrels
1970,39221,CA,SEDS.DFTCP.CA.A,Thousand barrels
1969,38892,CA,SEDS.DFTCP.CA.A,Thousand barrels
1968,38591,CA,SEDS.DFTCP.CA.A,Thousand barrels
1967,38088,CA,SEDS.DFTCP.CA.A,Thousand barrels
1966,37557,CA,SEDS.DFTCP.CA.A,Thousand barrels
1965,35105,CA,SEDS.DFTCP.CA.A,Thousand barrels
1964,35128,CA,SEDS.DFTCP.CA.A,Thousand barrels
1963,32208,CA,SEDS.DFTCP.CA.A,Thousand barrels
1962,29861,CA,SEDS.DFTCP.CA.A,Thousand barrels
1961,27612,CA,SEDS.DFTCP.CA.A,Thousand barrels
1960,26683,CA,SEDS.DFTCP.CA.A,Thousand barrels
2024,15460,CA,SEDS.HLTCP.CA.A,Thousand barrels
2023,15524,CA,SEDS.HLTCP.CA.A,Thousand barrels
2022,15613,CA,SEDS.HLTCP.CA.A,Thousand barrels
2021,15791,CA,SEDS.HLTCP.CA.A,Thousand barrels
2020,15152,CA,SEDS.HLTCP.CA.A,Thousand barrels
2019,16026,CA,SEDS.HLTCP.CA.A,Thousand barrels
2018,15198,CA,SEDS.HLTCP.CA.A,Thousand barrels
2017,14508,CA,SEDS.HLTCP.CA.A,Thousand barrels
2016,15053,CA,SEDS.HLTCP.CA.A,Thousand barrels
2015,13951,CA,SEDS.HLTCP.CA.A,Thousand barrels
2014,13959,CA,SEDS.HLTCP.CA.A,Thousand barrels
2013,14303,CA,SEDS.HLTCP.CA.A,Thousand barrels
2012,14441,CA,SEDS.HLTCP.CA.A,Thousand barrels
2011,16505,CA,SEDS.HLTCP.CA.A,Thousand barrels
2010,16507,CA,SEDS.HLTCP.CA.A,Thousand barrels
2009,16682,CA,SEDS.HLTCP.CA.A,Thousand barrels
2008,16341,CA,SEDS.HLTCP.CA.A,Thousand barrels
2007,11505,CA,SEDS.HLTCP.CA.A,Thousand barrels
2006,12090,CA,SEDS.HLTCP.CA.A,Thousand barrels
2005,12375,CA,SEDS.HLTCP.CA.A,Thousand barrels
2004,14831,CA,SEDS.HLTCP.CA.A,Thousand barrels
2003,14689,CA,SEDS.HLTCP.CA.A,Thousand barrels
2002,14696,CA,SEDS.HLTCP.CA.A,Thousand barrels
2001,11060,CA,SEDS.HLTCP.CA.A,Thousand barrels
2000,12558,CA,SEDS.HLTCP.CA.A,Thousand barrels
1999,12171,CA,SEDS.HLTCP.CA.A,Thousand barrels
1998,10936,CA,SEDS.HLTCP.CA.A,Thousand barrels
1997,8854,CA,SEDS.HLTCP.CA.A,Thousand barrels
1996,10914,CA,SEDS.HLTCP.CA.A,Thousand barrels
1995,14798,CA,SEDS.HLTCP.CA.A,Thousand barrels
1994,18099,CA,SEDS.HLTCP.CA.A,Thousand barrels
1993,16655,CA,SEDS.HLTCP.CA.A,Thousand barrels
1992,21088,CA,SEDS.HLTCP.CA.A,Thousand barrels
1991,18596,CA,SEDS.HLTCP.CA.A,Thousand barrels
1990,19992,CA,SEDS.HLTCP.CA.A,Thousand barrels
1989,24697,CA,SEDS.HLTCP.CA.A,Thousand barrels
1988,22798,CA,SEDS.HLTCP.CA.A,Thousand barrels
1987,22328,CA,SEDS.HLTCP.CA.A,Thousand barrels
1986,20119,CA,SEDS.HLTCP.CA.A,Thousand barrels
1985,20497,CA,SEDS.HLTCP.CA.A,Thousand barrels
1984,20667,CA,SEDS.HLTCP.CA.A,Thousand barrels
1983,16259,CA,SEDS.HLTCP.CA.A,Thousand barrels
1982,16270,CA,SEDS.HLTCP.CA.A,Thousand barrels
1981,17123,CA,SEDS.HLTCP.CA.A,Thousand barrels
1980,19197,CA,SEDS.HLTCP.CA.A,Thousand barrels
1979,23149,CA,SEDS.HLTCP.CA.A,Thousand barrels
1978,19594,CA,SEDS.HLTCP.CA.A,Thousand barrels
1977,17300,CA,SEDS.HLTCP.CA.A,Thousand barrels
1976,19100,CA,SEDS.HLTCP.CA.A,Thousand barrels
1975,19264,CA,SEDS.HLTCP.CA.A,Thousand barrels
1974,20312,CA,SEDS.HLTCP.CA.A,Thousand barrels
1973,18926,CA,SEDS.HLTCP.CA.A,Thousand barrels
1972,17505,CA,SEDS.HLTCP.CA.A,Thousand barrels
1971,16151,CA,SEDS.HLTCP.CA.A,Thousand barrels
1970,15532,CA,SEDS.HLTCP.CA.A,Thousand barrels
1969,14973,CA,SEDS.HLTCP.CA.A,Thousand barrels
1968,12343,CA,SEDS.HLTCP.CA.A,Thousand barrels
1967,11349,CA,SEDS.HLTCP.CA.A,Thousand barrels
1966,9957,CA,SEDS.HLTCP.CA.A,Thousand barrels
1965,11029,CA,SEDS.HLTCP.CA.A,Thousand barrels
1964,10939,CA,SEDS.HLTCP.CA.A,Thousand barrels
1963,10987,CA,SEDS.HLTCP.CA.A,Thousand barrels
1962,10179,CA,SEDS.HLTCP.CA.A,Thousand barrels
1961,9012,CA,SEDS.HLTCP.CA.A,Thousand barrels
1960,8888,CA,SEDS.HLTCP.CA.A,Thousand barrels
2024,93494,CA,SEDS.JFTCP.CA.A,Thousand barrels
2023,89893,CA,SEDS.JFTCP.CA.A,Thousand barrels
2022,82962,CA,SEDS.JFTCP.CA.A,Thousand barrels
2021,70720,CA,SEDS.JFTCP.CA.A,Thousand barrels
2020,59910,CA,SEDS.JFTCP.CA.A,Thousand barrels
2019,103959,CA,SEDS.JFTCP.CA.A,Thousand barrels
2018,102047,CA,SEDS.JFTCP.CA.A,Thousand barrels
2017,100033,CA,SEDS.JFTCP.CA.A,Thousand barrels
2016,94087,CA,SEDS.JFTCP.CA.A,Thousand barrels
2015,86928,CA,SEDS.JFTCP.CA.A,Thousand barrels
2014,80661,CA,SEDS.JFTCP.CA.A,Thousand barrels
2013,79010,CA,SEDS.JFTCP.CA.A,Thousand barrels
2012,77116,CA,SEDS.JFTCP.CA.A,Thousand barrels
2011,76730,CA,SEDS.JFTCP.CA.A,Thousand barrels
2010,77045,CA,SEDS.JFTCP.CA.A,Thousand barrels
2009,97985,CA,SEDS.JFTCP.CA.A,Thousand barrels
2008,100836,CA,SEDS.JFTCP.CA.A,Thousand barrels
2007,110794,CA,SEDS.JFTCP.CA.A,Thousand barrels
2006,106403,CA,SEDS.JFTCP.CA.A,Thousand barrels
2005,104612,CA,SEDS.JFTCP.CA.A,Thousand barrels
2004,105408,CA,SEDS.JFTCP.CA.A,Thousand barrels
2003,99721,CA,SEDS.JFTCP.CA.A,Thousand barrels
2002,102756,CA,SEDS.JFTCP.CA.A,Thousand barrels
2001,97216,CA,SEDS.JFTCP.CA.A,Thousand barrels
2000,103001,CA,SEDS.JFTCP.CA.A,Thousand barrels
1999,98673,CA,SEDS.JFTCP.CA.A,Thousand barrels
1998,105482,CA,SEDS.JFTCP.CA.A,Thousand barrels
1997,103188,CA,SEDS.JFTCP.CA.A,Thousand barrels
1996,103773,CA,SEDS.JFTCP.CA.A,Thousand barrels
1995,95304,CA,SEDS.JFTCP.CA.A,Thousand barrels
1994,98793,CA,SEDS.JFTCP.CA.A,Thousand barrels
1993,89244,CA,SEDS.JFTCP.CA.A,Thousand barrels
1992,86688,CA,SEDS.JFTCP.CA.A,Thousand barrels
1991,90064,CA,SEDS.JFTCP.CA.A,Thousand barrels
1990,94907,CA,SEDS.JFTCP.CA.A,Thousand barrels
1989,90291,CA,SEDS.JFTCP.CA.A,Thousand barrels
1988,82620,CA,SEDS.JFTCP.CA.A,Thousand barrels
1987,79857,CA,SEDS.JFTCP.CA.A,Thousand barrels
1986,75176,CA,SEDS.JFTCP.CA.A,Thousand barrels
1985,67028,CA,SEDS.JFTCP.CA.A,Thousand barrels
1984,66640,CA,SEDS.JFTCP.CA.A,Thousand barrels
1983,57359,CA,SEDS.JFTCP.CA.A,Thousand barrels
1982,56541,CA,SEDS.JFTCP.CA.A,Thousand barrels
1981,59089,CA,SEDS.JFTCP.CA.A,Thousand barrels
1980,63201,CA,SEDS.JFTCP.CA.A,Thousand barrels
1979,65874,CA,SEDS.JFTCP.CA.A,Thousand barrels
1978,64648,CA,SEDS.JFTCP.CA.A,Thousand barrels
1977,63229,CA,SEDS.JFTCP.CA.A,Thousand barrels
1976,61059,CA,SEDS.JFTCP.CA.A,Thousand barrels
1975,62607,CA,SEDS.JFTCP.CA.A,Thousand barrels
1974,60344,CA,SEDS.JFTCP.CA.A,Thousand barrels
1973,62947,CA,SEDS.JFTCP.CA.A,Thousand barrels
1972,63646,CA,SEDS.JFTCP.CA.A,Thousand barrels
1971,62721,CA,SEDS.JFTCP.CA.A,Thousand barrels
1970,59614,CA,SEDS.JFTCP.CA.A,Thousand barrels
1969,61225,CA,SEDS.JFTCP.CA.A,Thousand barrels
1968,60607,CA,SEDS.JFTCP.CA.A,Thousand barrels
1967,52666,CA,SEDS.JFTCP.CA.A,Thousand barrels
1966,44127,CA,SEDS.JFTCP.CA.A,Thousand barrels
1965,40150,CA,SEDS.JFTCP.CA.A,Thousand barrels
1964,36368,CA,SEDS.JFTCP.CA.A,Thousand barrels
1963,33606,CA,SEDS.JFTCP.CA.A,Thousand barrels
1962,31849,CA,SEDS.JFTCP.CA.A,Thousand barrels
1961,28078,CA,SEDS.JFTCP.CA.A,Thousand barrels
1960,25818,CA,SEDS.JFTCP.CA.A,Thousand barrels
2024,312840,CA,SEDS.MGTCP.CA.A,Thousand barrels
2023,314150,CA,SEDS.MGTCP.CA.A,Thousand barrels
2022,316425,CA,SEDS.MGTCP.CA.A,Thousand barrels
2021,319514,CA,SEDS.MGTCP.CA.A,Thousand barrels
2020,289918,CA,SEDS.MGTCP.CA.A,Thousand barrels
2019,360243,CA,SEDS.MGTCP.CA.A,Thousand barrels
2018,365610,CA,SEDS.MGTCP.CA.A,Thousand barrels
2017,366820,CA,SEDS.MGTCP.CA.A,Thousand barrels
2016,364832,CA,SEDS.MGTCP.CA.A,Thousand barrels
2015,358108,CA,SEDS.MGTCP.CA.A,Thousand barrels
2014,347508,CA,SEDS.MGTCP.CA.A,Thousand barrels
2013,346483,CA,SEDS.MGTCP.CA.A,Thousand barrels
2012,342083,CA,SEDS.MGTCP.CA.A,Thousand barrels
2011,345678,CA,SEDS.MGTCP.CA.A,Thousand barrels
2010,355172,CA,SEDS.MGTCP.CA.A,Thousand barrels
2009,356713,CA,SEDS.MGTCP.CA.A,Thousand barrels
2008,364468,CA,SEDS.MGTCP.CA.A,Thousand barrels
2007,380780,CA,SEDS.MGTCP.CA.A,Thousand barrels
2006,383178,CA,SEDS.MGTCP.CA.A,Thousand barrels
2005,381301,CA,SEDS.MGTCP.CA.A,Thousand barrels
2004,376075,CA,SEDS.MGTCP.CA.A,Thousand barrels
2003,367675,CA,SEDS.MGTCP.CA.A,Thousand barrels
2002,369567,CA,SEDS.MGTCP.CA.A,Thousand barrels
2001,351981,CA,SEDS.MGTCP.CA.A,Thousand barrels
2000,342890,CA,SEDS.MGTCP.CA.A,Thousand barrels
1999,337791,CA,SEDS.MGTCP.CA.A,Thousand barrels
1998,329943,CA,SEDS.MGTCP.CA.A,Thousand barrels
1997,322871,CA,SEDS.MGTCP.CA.A,Thousand barrels
1996,318257,CA,SEDS.MGTCP.CA.A,Thousand barrels
1995,313464,CA,SEDS.MGTCP.CA.A,Thousand barrels
1994,307653,CA,SEDS.MGTCP.CA.A,Thousand barrels
1993,308726,CA,SEDS.MGTCP.CA.A,Thousand barrels
1992,315643,CA,SEDS.MGTCP.CA.A,Thousand barrels
1991,298698,CA,SEDS.MGTCP.CA.A,Thousand barrels
1990,305983,CA,SEDS.MGTCP.CA.A,Thousand barrels
1989,310918,CA,SEDS.MGTCP.CA.A,Thousand barrels
1988,303621,CA,SEDS.MGTCP.CA.A,Thousand barrels
1987,292909,CA,SEDS.MGTCP.CA.A,Thousand barrels
1986,279569,CA,SEDS.MGTCP.CA.A,Thousand barrels
1985,267368,CA,SEDS.MGTCP.CA.A,Thousand barrels
1984,265187,CA,SEDS.MGTCP.CA.A,Thousand barrels
1983,256139,CA,SEDS.MGTCP.CA.A,Thousand barrels
1982,249912,CA,SEDS.MGTCP.CA.A,Thousand barrels
1981,252914,CA,SEDS.MGTCP.CA.A,Thousand barrels
1980,253593,CA,SEDS.MGTCP.CA.A,Thousand barrels
1979,269423,CA,SEDS.MGTCP.CA.A,Thousand barrels
1978,278182,CA,SEDS.MGTCP.CA.A,Thousand barrels
1977,266288,CA,SEDS.MGTCP.CA.A,Thousand barrels
1976,252646,CA,SEDS.MGTCP.CA.A,Thousand barrels
1975,241508,CA,SEDS.MGTCP.CA.A,Thousand barrels
1974,235468,CA,SEDS.MGTCP.CA.A,Thousand barrels
1973,240789,CA,SEDS.MGTCP.CA.A,Thousand barrels
1972,232758,CA,SEDS.MGTCP.CA.A,Thousand barrels
1971,219227,CA,SEDS.MGTCP.CA.A,Thousand barrels
1970,214064,CA,SEDS.MGTCP.CA.A,Thousand barrels
1969,204354,CA,SEDS.MGTCP.CA.A,Thousand barrels
1968,195729,CA,SEDS.MGTCP.CA.A,Thousand barrels
1967,183733,CA,SEDS.MGTCP.CA.A,Thousand barrels
1966,178764,CA,SEDS.MGTCP.CA.A,Thousand barrels
1965,169900,CA,SEDS.MGTCP.CA.A,Thousand barrels
1964,163505,CA,SEDS.MGTCP.CA.A,Thousand barrels
1963,158010,CA,SEDS.MGTCP.CA.A,Thousand barrels
1962,148237,CA,SEDS.MGTCP.CA.A,Thousand barrels
1961,142537,CA,SEDS.MGTCP.CA.A,Thousand barrels
1960,137025,CA,SEDS.MGTCP.CA.A,Thousand barrels
2024,26023,CA,SEDS.RFTCP.CA.A,Thousand barrels
2023,24040,CA,SEDS.RFTCP.CA.A,Thousand barrels
2022,28960,CA,SEDS.RFTCP.CA.A,Thousand barrels
2021,28262,CA,SEDS.RFTCP.CA.A,Thousand barrels
2020,20054,CA,SEDS.RFTCP.CA.A,Thousand barrels
2019,29330,CA,SEDS.RFTCP.CA.A,Thousand barrels
2018,26865,CA,SEDS.RFTCP.CA.A,Thousand barrels
2017,26237,CA,SEDS.RFTCP.CA.A,Thousand barrels
2016,23198,CA,SEDS.RFTCP.CA.A,Thousand barrels
2015,18556,CA,SEDS.RFTCP.CA.A,Thousand barrels
2014,13448,CA,SEDS.RFTCP.CA.A,Thousand barrels
2013,19753,CA,SEDS.RFTCP.CA.A,Thousand barrels
2012,26576,CA,SEDS.RFTCP.CA.A,Thousand barrels
2011,29732,CA,SEDS.RFTCP.CA.A,Thousand barrels
2010,39920,CA,SEDS.RFTCP.CA.A,Thousand barrels
2009,38535,CA,SEDS.RFTCP.CA.A,Thousand barrels
2008,40614,CA,SEDS.RFTCP.CA.A,Thousand barrels
2007,39680,CA,SEDS.RFTCP.CA.A,Thousand barrels
2006,37731,CA,SEDS.RFTCP.CA.A,Thousand barrels
2005,33939,CA,SEDS.RFTCP.CA.A,Thousand barrels
2004,27786,CA,SEDS.RFTCP.CA.A,Thousand barrels
2003,23421,CA,SEDS.RFTCP.CA.A,Thousand barrels
2002,30768,CA,SEDS.RFTCP.CA.A,Thousand barrels
2001,25470,CA,SEDS.RFTCP.CA.A,Thousand barrels
2000,33734,CA,SEDS.RFTCP.CA.A,Thousand barrels
1999,23794,CA,SEDS.RFTCP.CA.A,Thousand barrels
1998,17194,CA,SEDS.RFTCP.CA.A,Thousand barrels
1997,21420,CA,SEDS.RFTCP.CA.A,Thousand barrels
1996,40283,CA,SEDS.RFTCP.CA.A,Thousand barrels
1995,46248,CA,SEDS.RFTCP.CA.A,Thousand barrels
1994,41932,CA,SEDS.RFTCP.CA.A,Thousand barrels
1993,37167,CA,SEDS.RFTCP.CA.A,Thousand barrels
1992,34315,CA,SEDS.RFTCP.CA.A,Thousand barrels
1991,45310,CA,SEDS.RFTCP.CA.A,Thousand barrels
1990,64095,CA,SEDS.RFTCP.CA.A,Thousand barrels
1989,67223,CA,SEDS.RFTCP.CA.A,Thousand barrels
1988,68917,CA,SEDS.RFTCP.CA.A,Thousand barrels
1987,66638,CA,SEDS.RFTCP.CA.A,Thousand barrels
1986,58047,CA,SEDS.RFTCP.CA.A,Thousand barrels
1985,66724,CA,SEDS.RFTCP.CA.A,Thousand barrels
1984,76540,CA,SEDS.RFTCP.CA.A,Thousand barrels
1983,68521,CA,SEDS.RFTCP.CA.A,Thousand barrels
1982,81658,CA,SEDS.RFTCP.CA.A,Thousand barrels
1981,130662,CA,SEDS.RFTCP.CA.A,Thousand barrels
1980,148701,CA,SEDS.RFTCP.CA.A,Thousand barrels
1979,156981,CA,SEDS.RFTCP.CA.A,Thousand barrels
1978,155636,CA,SEDS.RFTCP.CA.A,Thousand barrels
1977,172411,CA,SEDS.RFTCP.CA.A,Thousand barrels
1976,138117,CA,SEDS.RFTCP.CA.A,Thousand barrels
1975,111086,CA,SEDS.RFTCP.CA.A,Thousand barrels
1974,99002,CA,SEDS.RFTCP.CA.A,Thousand barrels
1973,112710,CA,SEDS.RFTCP.CA.A,Thousand barrels
1972,78082,CA,SEDS.RFTCP.CA.A,Thousand barrels
1971,80069,CA,SEDS.RFTCP.CA.A,Thousand barrels
1970,70324,CA,SEDS.RFTCP.CA.A,Thousand barrels
1969,70617,CA,SEDS.RFTCP.CA.A,Thousand barrels
1968,73903,CA,SEDS.RFTCP.CA.A,Thousand barrels
1967,72190,CA,SEDS.RFTCP.CA.A,Thousand barrels
1966,76760,CA,SEDS.RFTCP.CA.A,Thousand barrels
1965,69745,CA,SEDS.RFTCP.CA.A,Thousand barrels
1964,69410,CA,SEDS.RFTCP.CA.A,Thousand barrels
1963,63757,CA,SEDS.RFTCP.CA.A,Thousand barrels
1962,68409,CA,SEDS.RFTCP.CA.A,Thousand barrels
1961,83184,CA,SEDS.RFTCP.CA.A,Thousand barrels
1960,80575,CA,SEDS.RFTCP.CA.A,Thousand barrels
2024,120797,CA,SEDS.P1TCP.CA.A,Thousand barrels
2023,107279,CA,SEDS.P1TCP.CA.A,Thousand barrels
2022,86743,CA,SEDS.P1TCP.CA.A,Thousand barrels
2021,75769,CA,SEDS.P1TCP.CA.A,Thousand barrels
2020,48231,CA,SEDS.P1TCP.CA.A,Thousand barrels
2019,52318,CA,SEDS.P1TCP.CA.A,Thousand barrels
2018,53549,CA,SEDS.P1TCP.CA.A,Thousand barrels
2017,52981,CA,SEDS.P1TCP.CA.A,Thousand barrels
2016,52800,CA,SEDS.P1TCP.CA.A,Thousand barrels
2015,50590,CA,SEDS.P1TCP.CA.A,Thousand barrels
2014,51146,CA,SEDS.P1TCP.CA.A,Thousand barrels
2013,53143,CA,SEDS.P1TCP.CA.A,Thousand barrels
2012,49057,CA,SEDS.P1TCP.CA.A,Thousand barrels
2011,54406,CA,SEDS.P1TCP.CA.A,Thousand barrels
2010,49642,CA,SEDS.P1TCP.CA.A,Thousand barrels
2009,50878,CA,SEDS.P1TCP.CA.A,Thousand barrels
2008,59587,CA,SEDS.P1TCP.CA.A,Thousand barrels
2007,69299,CA,SEDS.P1TCP.CA.A,Thousand barrels
2006,68041,CA,SEDS.P1TCP.CA.A,Thousand barrels
2005,69209,CA,SEDS.P1TCP.CA.A,Thousand barrels
2004,67499,CA,SEDS.P1TCP.CA.A,Thousand barrels
2003,67577,CA,SEDS.P1TCP.CA.A,Thousand barrels
2002,72040,CA,SEDS.P1TCP.CA.A,Thousand barrels
2001,72395,CA,SEDS.P1TCP.CA.A,Thousand barrels
2000,65890,CA,SEDS.P1TCP.CA.A,Thousand barrels
1999,70775,CA,SEDS.P1TCP.CA.A,Thousand barrels
1998,65189,CA,SEDS.P1TCP.CA.A,Thousand barrels
1997,66286,CA,SEDS.P1TCP.CA.A,Thousand barrels
1996,68815,CA,SEDS.P1TCP.CA.A,Thousand barrels
1995,62354,CA,SEDS.P1TCP.CA.A,Thousand barrels
1994,64474,CA,SEDS.P1TCP.CA.A,Thousand barrels
1993,60664,CA,SEDS.P1TCP.CA.A,Thousand barrels
1992,66499,CA,SEDS.P1TCP.CA.A,Thousand barrels
1991,63611,CA,SEDS.P1TCP.CA.A,Thousand barrels
1990,72164,CA,SEDS.P1TCP.CA.A,Thousand barrels
1989,73292,CA,SEDS.P1TCP.CA.A,Thousand barrels
1988,76108,CA,SEDS.P1TCP.CA.A,Thousand barrels
1987,70846,CA,SEDS.P1TCP.CA.A,Thousand barrels
1986,68833,CA,SEDS.P1TCP.CA.A,Thousand barrels
1985,71541,CA,SEDS.P1TCP.CA.A,Thousand barrels
1984,74846,CA,SEDS.P1TCP.CA.A,Thousand barrels
1983,70521,CA,SEDS.P1TCP.CA.A,Thousand barrels
1982,45449,CA,SEDS.P1TCP.CA.A,Thousand barrels
1981,44225,CA,SEDS.P1TCP.CA.A,Thousand barrels
1980,69430,CA,SEDS.P1TCP.CA.A,Thousand barrels
1979,80247,CA,SEDS.P1TCP.CA.A,Thousand barrels
1978,71427,CA,SEDS.P1TCP.CA.A,Thousand barrels
1977,67974,CA,SEDS.P1TCP.CA.A,Thousand barrels
1976,61366,CA,SEDS.P1TCP.CA.A,Thousand barrels
1975,56592,CA,SEDS.P1TCP.CA.A,Thousand barrels
1974,57443,CA,SEDS.P1TCP.CA.A,Thousand barrels
1973,57976,CA,SEDS.P1TCP.CA.A,Thousand barrels
1972,54904,CA,SEDS.P1TCP.CA.A,Thousand barrels
1971,51881,CA,SEDS.P1TCP.CA.A,Thousand barrels
1970,52329,CA,SEDS.P1TCP.CA.A,Thousand barrels
1969,52221,CA,SEDS.P1TCP.CA.A,Thousand barrels
1968,50057,CA,SEDS.P1TCP.CA.A,Thousand barrels
1967,45521,CA,SEDS.P1TCP.CA.A,Thousand barrels
1966,49137,CA,SEDS.P1TCP.CA.A,Thousand barrels
1965,48063,CA,SEDS.P1TCP.CA.A,Thousand barrels
1964,47418,CA,SEDS.P1TCP.CA.A,Thousand barrels
1963,44664,CA,SEDS.P1TCP.CA.A,Thousand barrels
1962,46836,CA,SEDS.P1TCP.CA.A,Thousand barrels
1961,44833,CA,SEDS.P1TCP.CA.A,Thousand barrels
1960,46536,CA,SEDS.P1TCP.CA.A,Thousand barrels
2024,58462,NY,SEDS.DFTCP.NY.A,Thousand barrels
2023,62645,NY,SEDS.DFTCP.NY.A,Thousand barrels
2022,66741,NY,SEDS.DFTCP.NY.A,Thousand barrels
2021,61326,NY,SEDS.DFTCP.NY.A,Thousand barrels
2020,51718,NY,SEDS.DFTCP.NY.A,Thousand barrels
2019,61140,NY,SEDS.DFTCP.NY.A,Thousand barrels
2018,63298,NY,SEDS.DFTCP.NY.A,Thousand barrels
2017,56280,NY,SEDS.DFTCP.NY.A,Thousand barrels
2016,57242,NY,SEDS.DFTCP.NY.A,Thousand barrels
2015,62971,NY,SEDS.DFTCP.NY.A,Thousand barrels
2014,59002,NY,SEDS.DFTCP.NY.A,Thousand barrels
2013,56594,NY,SEDS.DFTCP.NY.A,Thousand barrels
2012,61030,NY,SEDS.DFTCP.NY.A,Thousand barrels
2011,60439,NY,SEDS.DFTCP.NY.A,Thousand barrels
2010,60987,NY,SEDS.DFTCP.NY.A,Thousand barrels
2009,64154,NY,SEDS.DFTCP.NY.A,Thousand barrels
2008,73289,NY,SEDS.DFTCP.NY.A,Thousand barrels
2007,78850,NY,SEDS.DFTCP.NY.A,Thousand barrels
2006,75871,NY,SEDS.DFTCP.NY.A,Thousand barrels
2005,86630,NY,SEDS.DFTCP.NY.A,Thousand barrels
2004,95300,NY,SEDS.DFTCP.NY.A,Thousand barrels
2003,91548,NY,SEDS.DFTCP.NY.A,Thousand barrels
2002,76684,NY,SEDS.DFTCP.NY.A,Thousand barrels
2001,82878,NY,SEDS.DFTCP.NY.A,Thousand barrels
2000,79039,NY,SEDS.DFTCP.NY.A,Thousand barrels
1999,71969,NY,SEDS.DFTCP.NY.A,Thousand barrels
1998,64516,NY,SEDS.DFTCP.NY.A,Thousand barrels
1997,71033,NY,SEDS.DFTCP.NY.A,Thousand barrels
1996,71914,NY,SEDS.DFTCP.NY.A,Thousand barrels
1995,70349,NY,SEDS.DFTCP.NY.A,Thousand barrels
1994,73218,NY,SEDS.DFTCP.NY.A,Thousand barrels
1993,72898,NY,SEDS.DFTCP.NY.A,Thousand barrels
1992,72742,NY,SEDS.DFTCP.NY.A,Thousand barrels
1991,68063,NY,SEDS.DFTCP.NY.A,Thousand barrels
1990,73802,NY,SEDS.DFTCP.NY.A,Thousand barrels
1989,82091,NY,SEDS.DFTCP.NY.A,Thousand barrels
1988,83567,NY,SEDS.DFTCP.NY.A,Thousand barrels
1987,81230,NY,SEDS.DFTCP.NY.A,Thousand barrels
1986,76544,NY,SEDS.DFTCP.NY.A,Thousand barrels
1985,67766,NY,SEDS.DFTCP.NY.A,Thousand barrels
1984,65732,NY,SEDS.DFTCP.NY.A,Thousand barrels
1983,56756,NY,SEDS.DFTCP.NY.A,Thousand barrels
1982,62116,NY,SEDS.DFTCP.NY.A,Thousand barrels
1981,64120,NY,SEDS.DFTCP.NY.A,Thousand barrels
1980,72559,NY,SEDS.DFTCP.NY.A,Thousand barrels
1979,90071,NY,SEDS.DFTCP.NY.A,Thousand barrels
1978,113553,NY,SEDS.DFTCP.NY.A,Thousand barrels
1977,115468,NY,SEDS.DFTCP.NY.A,Thousand barrels
1976,115090,NY,SEDS.DFTCP.NY.A,Thousand barrels
1975,105118,NY,SEDS.DFTCP.NY.A,Thousand barrels
1974,109483,NY,SEDS.DFTCP.NY.A,Thousand barrels
1973,121012,NY,SEDS.DFTCP.NY.A,Thousand barrels
1972,119408,NY,SEDS.DFTCP.NY.A,Thousand barrels
1971,113875,NY,SEDS.DFTCP.NY.A,Thousand barrels
1970,111107,NY,SEDS.DFTCP.NY.A,Thousand barrels
1969,110015,NY,SEDS.DFTCP.NY.A,Thousand barrels
1968,108208,NY,SEDS.DFTCP.NY.A,Thousand barrels
1967,106672,NY,SEDS.DFTCP.NY.A,Thousand barrels
1966,102293,NY,SEDS.DFTCP.NY.A,Thousand barrels
1965,104033,NY,SEDS.DFTCP.NY.A,Thousand barrels
1964,95721,NY,SEDS.DFTCP.NY.A,Thousand barrels
1963,96452,NY,SEDS.DFTCP.NY.A,Thousand barrels
1962,95580,NY,SEDS.DFTCP.NY.A,Thousand barrels
1961,87041,NY,SEDS.DFTCP.NY.A,Thousand barrels
1960,82380,NY,SEDS.DFTCP.NY.A,Thousand barrels
2024,10228,NY,SEDS.HLTCP.NY.A,Thousand barrels
2023,9544,NY,SEDS.HLTCP.NY.A,Thousand barrels
2022,10188,NY,SEDS.HLTCP.NY.A,Thousand barrels
2021,10401,NY,SEDS.HLTCP.NY.A,Thousand barrels
2020,9931,NY,SEDS.HLTCP.NY.A,Thousand barrels
2019,10276,NY,SEDS.HLTCP.NY.A,Thousand barrels
2018,9953,NY,SEDS.HLTCP.NY.A,Thousand barrels
2017,8459,NY,SEDS.HLTCP.NY.A,Thousand barrels
2016,8516,NY,SEDS.HLTCP.NY.A,Thousand barrels
2015,8609,NY,SEDS.HLTCP.NY.A,Thousand barrels
2014,9230,NY,SEDS.HLTCP.NY.A,Thousand barrels
2013,7657,NY,SEDS.HLTCP.NY.A,Thousand barrels
2012,6869,NY,SEDS.HLTCP.NY.A,Thousand barrels
2011,7689,NY,SEDS.HLTCP.NY.A,Thousand barrels
2010,8138,NY,SEDS.HLTCP.NY.A,Thousand barrels
2009,8344,NY,SEDS.HLTCP.NY.A,Thousand barrels
2008,8536,NY,SEDS.HLTCP.NY.A,Thousand barrels
2007,7345,NY,SEDS.HLTCP.NY.A,Thousand barrels
2006,7152,NY,SEDS.HLTCP.NY.A,Thousand barrels
2005,8261,NY,SEDS.HLTCP.NY.A,Thousand barrels
2004,8639,NY,SEDS.HLTCP.NY.A,Thousand barrels
2003,7771,NY,SEDS.HLTCP.NY.A,Thousand barrels
2002,7613,NY,SEDS.HLTCP.NY.A,Thousand barrels
2001,7111,NY,SEDS.HLTCP.NY.A,Thousand barrels
2000,9850,NY,SEDS.HLTCP.NY.A,Thousand barrels
1999,7316,NY,SEDS.HLTCP.NY.A,Thousand barrels
1998,7306,NY,SEDS.HLTCP.NY.A,Thousand barrels
1997,6686,NY,SEDS.HLTCP.NY.A,Thousand barrels
1996,7073,NY,SEDS.HLTCP.NY.A,Thousand barrels
1995,6332,NY,SEDS.HLTCP.NY.A,Thousand barrels
1994,6351,NY,SEDS.HLTCP.NY.A,Thousand barrels
1993,6139,NY,SEDS.HLTCP.NY.A,Thousand barrels
1992,7076,NY,SEDS.HLTCP.NY.A,Thousand barrels
1991,7206,NY,SEDS.HLTCP.NY.A,Thousand barrels
1990,5606,NY,SEDS.HLTCP.NY.A,Thousand barrels
1989,5579,NY,SEDS.HLTCP.NY.A,Thousand barrels
1988,5238,NY,SEDS.HLTCP.NY.A,Thousand barrels
1987,5474,NY,SEDS.HLTCP.NY.A,Thousand barrels
1986,4878,NY,SEDS.HLTCP.NY.A,Thousand barrels
1985,4923,NY,SEDS.HLTCP.NY.A,Thousand barrels
1984,5056,NY,SEDS.HLTCP.NY.A,Thousand barrels
1983,4905,NY,SEDS.HLTCP.NY.A,Thousand barrels
1982,4878,NY,SEDS.HLTCP.NY.A,Thousand barrels
1981,5215,NY,SEDS.HLTCP.NY.A,Thousand barrels
1980,5631,NY,SEDS.HLTCP.NY.A,Thousand barrels
1979,5663,NY,SEDS.HLTCP.NY.A,Thousand barrels
1978,5928,NY,SEDS.HLTCP.NY.A,Thousand barrels
1977,5865,NY,SEDS.HLTCP.NY.A,Thousand barrels
1976,5580,NY,SEDS.HLTCP.NY.A,Thousand barrels
1975,5188,NY,SEDS.HLTCP.NY.A,Thousand barrels
1974,4753,NY,SEDS.HLTCP.NY.A,Thousand barrels
1973,5179,NY,SEDS.HLTCP.NY.A,Thousand barrels
1972,5303,NY,SEDS.HLTCP.NY.A,Thousand barrels
1971,4757,NY,SEDS.HLTCP.NY.A,Thousand barrels
1970,4506,NY,SEDS.HLTCP.NY.A,Thousand barrels
1969,4415,NY,SEDS.HLTCP.NY.A,Thousand barrels
1968,3697,NY,SEDS.HLTCP.NY.A,Thousand barrels
1967,3253,NY,SEDS.HLTCP.NY.A,Thousand barrels
1966,3302,NY,SEDS.HLTCP.NY.A,Thousand barrels
1965,3174,NY,SEDS.HLTCP.NY.A,Thousand barrels
1964,3764,NY,SEDS.HLTCP.NY.A,Thousand barrels
1963,3271,NY,SEDS.HLTCP.NY.A,Thousand barrels
1962,2948,NY,SEDS.HLTCP.NY.A,Thousand barrels
1961,2817,NY,SEDS.HLTCP.NY.A,Thousand barrels
1960,2849,NY,SEDS.HLTCP.NY.A,Thousand barrels
2024,47999,NY,SEDS.JFTCP.NY.A,Thousand barrels
2023,47378,NY,SEDS.JFTCP.NY.A,Thousand barrels
2022,42345,NY,SEDS.JFTCP.NY.A,Thousand barrels
2021,30773,NY,SEDS.JFTCP.NY.A,Thousand barrels
2020,23537,NY,SEDS.JFTCP.NY.A,Thousand barrels
2019,50782,NY,SEDS.JFTCP.NY.A,Thousand barrels
2018,50226,NY,SEDS.JFTCP.NY.A,Thousand barrels
2017,51731,NY,SEDS.JFTCP.NY.A,Thousand barrels
2016,49885,NY,SEDS.JFTCP.NY.A,Thousand barrels
2015,47134,NY,SEDS.JFTCP.NY.A,Thousand barrels
2014,44854,NY,SEDS.JFTCP.NY.A,Thousand barrels
2013,43785,NY,SEDS.JFTCP.NY.A,Thousand barrels
2012,41237,NY,SEDS.JFTCP.NY.A,Thousand barrels
2011,40937,NY,SEDS.JFTCP.NY.A,Thousand barrels
2010,40685,NY,SEDS.JFTCP.NY.A,Thousand barrels
2009,16760,NY,SEDS.JFTCP.NY.A,Thousand barrels
2008,21658,NY,SEDS.JFTCP.NY.A,Thousand barrels
2007,19977,NY,SEDS.JFTCP.NY.A,Thousand barrels
2006,20341,NY,SEDS.JFTCP.NY.A,Thousand barrels
2005,20016,NY,SEDS.JFTCP.NY.A,Thousand barrels
2004,19300,NY,SEDS.JFTCP.NY.A,Thousand barrels
2003,17268,NY,SEDS.JFTCP.NY.A,Thousand barrels
2002,15428,NY,SEDS.JFTCP.NY.A,Thousand barrels
2001,14655,NY,SEDS.JFTCP.NY.A,Thousand barrels
2000,9516,NY,SEDS.JFTCP.NY.A,Thousand barrels
1999,9122,NY,SEDS.JFTCP.NY.A,Thousand barrels
1998,14800,NY,SEDS.JFTCP.NY.A,Thousand barrels
1997,12138,NY,SEDS.JFTCP.NY.A,Thousand barrels
1996,11532,NY,SEDS.JFTCP.NY.A,Thousand barrels
1995,7697,NY,SEDS.JFTCP.NY.A,Thousand barrels
1994,5729,NY,SEDS.JFTCP.NY.A,Thousand barrels
1993,5131,NY,SEDS.JFTCP.NY.A,Thousand barrels
1992,5357,NY,SEDS.JFTCP.NY.A,Thousand barrels
1991,5300,NY,SEDS.JFTCP.NY.A,Thousand barrels
1990,5447,NY,SEDS.JFTCP.NY.A,Thousand barrels
1989,6047,NY,SEDS.JFTCP.NY.A,Thousand barrels
1988,4915,NY,SEDS.JFTCP.NY.A,Thousand barrels
1987,2904,NY,SEDS.JFTCP.NY.A,Thousand barrels
1986,3738,NY,SEDS.JFTCP.NY.A,Thousand barrels
1985,3856,NY,SEDS.JFTCP.NY.A,Thousand barrels
1984,3887,NY,SEDS.JFTCP.NY.A,Thousand barrels
1983,3790,NY,SEDS.JFTCP.NY.A,Thousand barrels
1982,4827,NY,SEDS.JFTCP.NY.A,Thousand barrels
1981,25383,NY,SEDS.JFTCP.NY.A,Thousand barrels
1980,35936,NY,SEDS.JFTCP.NY.A,Thousand barrels
1979,35746,NY,SEDS.JFTCP.NY.A,Thousand barrels
1978,38907,NY,SEDS.JFTCP.NY.A,Thousand barrels
1977,39197,NY,SEDS.JFTCP.NY.A,Thousand barrels
1976,38574,NY,SEDS.JFTCP.NY.A,Thousand barrels
1975,38634,NY,SEDS.JFTCP.NY.A,Thousand barrels
1974,38230,NY,SEDS.JFTCP.NY.A,Thousand barrels
1973,43403,NY,SEDS.JFTCP.NY.A,Thousand barrels
1972,43509,NY,SEDS.JFTCP.NY.A,Thousand barrels
1971,39280,NY,SEDS.JFTCP.NY.A,Thousand barrels
1970,38338,NY,SEDS.JFTCP.NY.A,Thousand barrels
1969,38562,NY,SEDS.JFTCP.NY.A,Thousand barrels
1968,34763,NY,SEDS.JFTCP.NY.A,Thousand barrels
1967,32171,NY,SEDS.JFTCP.NY.A,Thousand barrels
1966,26017,NY,SEDS.JFTCP.NY.A,Thousand barrels
1965,23620,NY,SEDS.JFTCP.NY.A,Thousand barrels
1964,18771,NY,SEDS.JFTCP.NY.A,Thousand barrels
1963,17498,NY,SEDS.JFTCP.NY.A,Thousand barrels
1962,16489,NY,SEDS.JFTCP.NY.A,Thousand barrels
1961,12164,NY,SEDS.JFTCP.NY.A,Thousand barrels
1960,9411,NY,SEDS.JFTCP.NY.A,Thousand barrels
2024,124969,NY,SEDS.MGTCP.NY.A,Thousand barrels
2023,124770,NY,SEDS.MGTCP.NY.A,Thousand barrels
2022,121972,NY,SEDS.MGTCP.NY.A,Thousand barrels
2021,124180,NY,SEDS.MGTCP.NY.A,Thousand barrels
2020,112676,NY,SEDS.MGTCP.NY.A,Thousand barrels
2019,135872,NY,SEDS.MGTCP.NY.A,Thousand barrels
2018,137758,NY,SEDS.MGTCP.NY.A,Thousand barrels
2017,136414,NY,SEDS.MGTCP.NY.A,Thousand barrels
2016,134799,NY,SEDS.MGTCP.NY.A,Thousand barrels
2015,129909,NY,SEDS.MGTCP.NY.A,Thousand barrels
2014,131943,NY,SEDS.MGTCP.NY.A,Thousand barrels
2013,127461,NY,SEDS.MGTCP.NY.A,Thousand barrels
2012,127902,NY,SEDS.MGTCP.NY.A,Thousand barrels
2011,130718,NY,SEDS.MGTCP.NY.A,Thousand barrels
2010,138087,NY,SEDS.MGTCP.NY.A,Thousand barrels
2009,135921,NY,SEDS.MGTCP.NY.A,Thousand barrels
2008,136105,NY,SEDS.MGTCP.NY.A,Thousand barrels
2007,139140,NY,SEDS.MGTCP.NY.A,Thousand barrels
2006,140020,NY,SEDS.MGTCP.NY.A,Thousand barrels
2005,137355,NY,SEDS.MGTCP.NY.A,Thousand barrels
2004,137391,NY,SEDS.MGTCP.NY.A,Thousand barrels
2003,138010,NY,SEDS.MGTCP.NY.A,Thousand barrels
2002,136664,NY,SEDS.MGTCP.NY.A,Thousand barrels
2001,133724,NY,SEDS.MGTCP.NY.A,Thousand barrels
2000,132831,NY,SEDS.MGTCP.NY.A,Thousand barrels
1999,133621,NY,SEDS.MGTCP.NY.A,Thousand barrels
1998,131469,NY,SEDS.MGTCP.NY.A,Thousand barrels
1997,130923,NY,SEDS.MGTCP.NY.A,Thousand barrels
1996,130979,NY,SEDS.MGTCP.NY.A,Thousand barrels
1995,132627,NY,SEDS.MGTCP.NY.A,Thousand barrels
1994,128228,NY,SEDS.MGTCP.NY.A,Thousand barrels
1993,131710,NY,SEDS.MGTCP.NY.A,Thousand barrels
1992,129064,NY,SEDS.MGTCP.NY.A,Thousand barrels
1991,133311,NY,SEDS.MGTCP.NY.A,Thousand barrels
1990,139180,NY,SEDS.MGTCP.NY.A,Thousand barrels
1989,133483,NY,SEDS.MGTCP.NY.A,Thousand barrels
1988,130449,NY,SEDS.MGTCP.NY.A,Thousand barrels
1987,142918,NY,SEDS.MGTCP.NY.A,Thousand barrels
1986,136798,NY,SEDS.MGTCP.NY.A,Thousand barrels
1985,136330,NY,SEDS.MGTCP.NY.A,Thousand barrels
1984,113249,NY,SEDS.MGTCP.NY.A,Thousand barrels
1983,127144,NY,SEDS.MGTCP.NY.A,Thousand barrels
1982,129867,NY,SEDS.MGTCP.NY.A,Thousand barrels
1981,129730,NY,SEDS.MGTCP.NY.A,Thousand barrels
1980,127422,NY,SEDS.MGTCP.NY.A,Thousand barrels
1979,137083,NY,SEDS.MGTCP.NY.A,Thousand barrels
1978,144925,NY,SEDS.MGTCP.NY.A,Thousand barrels
1977,141083,NY,SEDS.MGTCP.NY.A,Thousand barrels
1976,143459,NY,SEDS.MGTCP.NY.A,Thousand barrels
1975,133461,NY,SEDS.MGTCP.NY.A,Thousand barrels
1974,134343,NY,SEDS.MGTCP.NY.A,Thousand barrels
1973,145099,NY,SEDS.MGTCP.NY.A,Thousand barrels
1972,140964,NY,SEDS.MGTCP.NY.A,Thousand barrels
1971,136999,NY,SEDS.MGTCP.NY.A,Thousand barrels
1970,130737,NY,SEDS.MGTCP.NY.A,Thousand barrels
1969,128808,NY,SEDS.MGTCP.NY.A,Thousand barrels
1968,119748,NY,SEDS.MGTCP.NY.A,Thousand barrels
1967,115616,NY,SEDS.MGTCP.NY.A,Thousand barrels
1966,113612,NY,SEDS.MGTCP.NY.A,Thousand barrels
1965,109226,NY,SEDS.MGTCP.NY.A,Thousand barrels
1964,105763,NY,SEDS.MGTCP.NY.A,Thousand barrels
1963,103411,NY,SEDS.MGTCP.NY.A,Thousand barrels
1962,100832,NY,SEDS.MGTCP.NY.A,Thousand barrels
1961,97078,NY,SEDS.MGTCP.NY.A,Thousand barrels
1960,95706,NY,SEDS.MGTCP.NY.A,Thousand barrels
2024,3530,NY,SEDS.RFTCP.NY.A,Thousand barrels
2023,3442,NY,SEDS.RFTCP.NY.A,Thousand barrels
2022,5247,NY,SEDS.RFTCP.NY.A,Thousand barrels
2021,4371,NY,SEDS.RFTCP.NY.A,Thousand barrels
2020,2416,NY,SEDS.RFTCP.NY.A,Thousand barrels
2019,2269,NY,SEDS.RFTCP.NY.A,Thousand barrels
2018,5474,NY,SEDS.RFTCP.NY.A,Thousand barrels
2017,5202,NY,SEDS.RFTCP.NY.A,Thousand barrels
2016,6358,NY,SEDS.RFTCP.NY.A,Thousand barrels
2015,7582,NY,SEDS.RFTCP.NY.A,Thousand barrels
2014,11396,NY,SEDS.RFTCP.NY.A,Thousand barrels
2013,11032,NY,SEDS.RFTCP.NY.A,Thousand barrels
2012,10262,NY,SEDS.RFTCP.NY.A,Thousand barrels
2011,14517,NY,SEDS.RFTCP.NY.A,Thousand barrels
2010,22234,NY,SEDS.RFTCP.NY.A,Thousand barrels
2009,24060,NY,SEDS.RFTCP.NY.A,Thousand barrels
2008,24204,NY,SEDS.RFTCP.NY.A,Thousand barrels
2007,28975,NY,SEDS.RFTCP.NY.A,Thousand barrels
2006,25526,NY,SEDS.RFTCP.NY.A,Thousand barrels
2005,52150,NY,SEDS.RFTCP.NY.A,Thousand barrels
2004,51469,NY,SEDS.RFTCP.NY.A,Thousand barrels
2003,46578,NY,SEDS.RFTCP.NY.A,Thousand barrels
2002,31110,NY,SEDS.RFTCP.NY.A,Thousand barrels
2001,37090,NY,SEDS.RFTCP.NY.A,Thousand barrels
2000,42349,NY,SEDS.RFTCP.NY.A,Thousand barrels
1999,35353,NY,SEDS.RFTCP.NY.A,Thousand barrels
1998,35732,NY,SEDS.RFTCP.NY.A,Thousand barrels
1997,29992,NY,SEDS.RFTCP.NY.A,Thousand barrels
1996,36628,NY,SEDS.RFTCP.NY.A,Thousand barrels
1995,30126,NY,SEDS.RFTCP.NY.A,Thousand barrels
1994,40125,NY,SEDS.RFTCP.NY.A,Thousand barrels
1993,47822,NY,SEDS.RFTCP.NY.A,Thousand barrels
1992,51308,NY,SEDS.RFTCP.NY.A,Thousand barrels
1991,67751,NY,SEDS.RFTCP.NY.A,Thousand barrels
1990,77242,NY,SEDS.RFTCP.NY.A,Thousand barrels
1989,85316,NY,SEDS.RFTCP.NY.A,Thousand barrels
1988,88972,NY,SEDS.RFTCP.NY.A,Thousand barrels
1987,77490,NY,SEDS.RFTCP.NY.A,Thousand barrels
1986,79619,NY,SEDS.RFTCP.NY.A,Thousand barrels
1985,66334,NY,SEDS.RFTCP.NY.A,Thousand barrels
1984,73011,NY,SEDS.RFTCP.NY.A,Thousand barrels
1983,76067,NY,SEDS.RFTCP.NY.A,Thousand barrels
1982,95706,NY,SEDS.RFTCP.NY.A,Thousand barrels
1981,95745,NY,SEDS.RFTCP.NY.A,Thousand barrels
1980,115488,NY,SEDS.RFTCP.NY.A,Thousand barrels
1979,127846,NY,SEDS.RFTCP.NY.A,Thousand barrels
1978,150720,NY,SEDS.RFTCP.NY.A,Thousand barrels
1977,156520,NY,SEDS.RFTCP.NY.A,Thousand barrels
1976,152639,NY,SEDS.RFTCP.NY.A,Thousand barrels
1975,144721,NY,SEDS.RFTCP.NY.A,Thousand barrels
1974,152776,NY,SEDS.RFTCP.NY.A,Thousand barrels
1973,169105,NY,SEDS.RFTCP.NY.A,Thousand barrels
1972,161435,NY,SEDS.RFTCP.NY.A,Thousand barrels
1971,158357,NY,SEDS.RFTCP.NY.A,Thousand barrels
1970,152252,NY,SEDS.RFTCP.NY.A,Thousand barrels
1969,136383,NY,SEDS.RFTCP.NY.A,Thousand barrels
1968,132204,NY,SEDS.RFTCP.NY.A,Thousand barrels
1967,130202,NY,SEDS.RFTCP.NY.A,Thousand barrels
1966,118446,NY,SEDS.RFTCP.NY.A,Thousand barrels
1965,104296,NY,SEDS.RFTCP.NY.A,Thousand barrels
1964,83465,NY,SEDS.RFTCP.NY.A,Thousand barrels
1963,88045,NY,SEDS.RFTCP.NY.A,Thousand barrels
1962,88898,NY,SEDS.RFTCP.NY.A,Thousand barrels
1961,84031,NY,SEDS.RFTCP.NY.A,Thousand barrels
1960,77563,NY,SEDS.RFTCP.NY.A,Thousand barrels
2024,10903,NY,SEDS.P1TCP.NY.A,Thousand barrels
2023,11831,NY,SEDS.P1TCP.NY.A,Thousand barrels
2022,10229,NY,SEDS.P1TCP.NY.A,Thousand barrels
2021,11150,NY,SEDS.P1TCP.NY.A,Thousand barrels
2020,9521,NY,SEDS.P1TCP.NY.A,Thousand barrels
2019,9997,NY,SEDS.P1TCP.NY.A,Thousand barrels
2018,10054,NY,SEDS.P1TCP.NY.A,Thousand barrels
2017,10275,NY,SEDS.P1TCP.NY.A,Thousand barrels
2016,11628,NY,SEDS.P1TCP.NY.A,Thousand barrels
2015,10806,NY,SEDS.P1TCP.NY.A,Thousand barrels
2014,10433,NY,SEDS.P1TCP.NY.A,Thousand barrels
2013,10113,NY,SEDS.P1TCP.NY.A,Thousand barrels
2012,10549,NY,SEDS.P1TCP.NY.A,Thousand barrels
2011,11643,NY,SEDS.P1TCP.NY.A,Thousand barrels
2010,13054,NY,SEDS.P1TCP.NY.A,Thousand barrels
2009,14423,NY,SEDS.P1TCP.NY.A,Thousand barrels
2008,14618,NY,SEDS.P1TCP.NY.A,Thousand barrels
2007,15583,NY,SEDS.P1TCP.NY.A,Thousand barrels
2006,17960,NY,SEDS.P1TCP.NY.A,Thousand barrels
2005,20911,NY,SEDS.P1TCP.NY.A,Thousand barrels
2004,18701,NY,SEDS.P1TCP.NY.A,Thousand barrels
2003,14955,NY,SEDS.P1TCP.NY.A,Thousand barrels
2002,14979,NY,SEDS.P1TCP.NY.A,Thousand barrels
2001,17194,NY,SEDS.P1TCP.NY.A,Thousand barrels
2000,15988,NY,SEDS.P1TCP.NY.A,Thousand barrels
1999,17643,NY,SEDS.P1TCP.NY.A,Thousand barrels
1998,17011,NY,SEDS.P1TCP.NY.A,Thousand barrels
1997,14114,NY,SEDS.P1TCP.NY.A,Thousand barrels
1996,14348,NY,SEDS.P1TCP.NY.A,Thousand barrels
1995,14018,NY,SEDS.P1TCP.NY.A,Thousand barrels
1994,14525,NY,SEDS.P1TCP.NY.A,Thousand barrels
1993,15257,NY,SEDS.P1TCP.NY.A,Thousand barrels
1992,14882,NY,SEDS.P1TCP.NY.A,Thousand barrels
1991,14270,NY,SEDS.P1TCP.NY.A,Thousand barrels
1990,14173,NY,SEDS.P1TCP.NY.A,Thousand barrels
1989,16132,NY,SEDS.P1TCP.NY.A,Thousand barrels
1988,19938,NY,SEDS.P1TCP.NY.A,Thousand barrels
1987,17270,NY,SEDS.P1TCP.NY.A,Thousand barrels
1986,14462,NY,SEDS.P1TCP.NY.A,Thousand barrels
1985,17784,NY,SEDS.P1TCP.NY.A,Thousand barrels
1984,16696,NY,SEDS.P1TCP.NY.A,Thousand barrels
1983,14783,NY,SEDS.P1TCP.NY.A,Thousand barrels
1982,13894,NY,SEDS.P1TCP.NY.A,Thousand barrels
1981,14633,NY,SEDS.P1TCP.NY.A,Thousand barrels
1980,15469,NY,SEDS.P1TCP.NY.A,Thousand barrels
1979,18282,NY,SEDS.P1TCP.NY.A,Thousand barrels
1978,20815,NY,SEDS.P1TCP.NY.A,Thousand barrels
1977,20193,NY,SEDS.P1TCP.NY.A,Thousand barrels
1976,20575,NY,SEDS.P1TCP.NY.A,Thousand barrels
1975,19053,NY,SEDS.P1TCP.NY.A,Thousand barrels
1974,20586,NY,SEDS.P1TCP.NY.A,Thousand barrels
1973,21696,NY,SEDS.P1TCP.NY.A,Thousand barrels
1972,21761,NY,SEDS.P1TCP.NY.A,Thousand barrels
1971,21132,NY,SEDS.P1TCP.NY.A,Thousand barrels
1970,20395,NY,SEDS.P1TCP.NY.A,Thousand barrels
1969,20188,NY,SEDS.P1TCP.NY.A,Thousand barrels
1968,19407,NY,SEDS.P1TCP.NY.A,Thousand barrels
1967,18906,NY,SEDS.P1TCP.NY.A,Thousand barrels
1966,20739,NY,SEDS.P1TCP.NY.A,Thousand barrels
1965,21674,NY,SEDS.P1TCP.NY.A,Thousand barrels
1964,22262,NY,SEDS.P1TCP.NY.A,Thousand barrels
1963,22567,NY,SEDS.P1TCP.NY.A,Thousand barrels
1962,22931,NY,SEDS.P1TCP.NY.A,Thousand barrels
1961,34708,NY,SEDS.P1TCP.NY.A,Thousand barrels
1960,29628,NY,SEDS.P1TCP.NY.A,Thousand barrels
