year,annual_price_mean,annual_price_median,weekly_points,state,source_file,petroleum_total_thousand_barrels,petroleum_energy_billion_btu,natural_gas_total_billion_btu,renewable_total_billion_btu,natgas_supply_bcf,annual_price_mean_lag1,annual_price_mean_lag2,petroleum_total_thousand_barrels_lag1,petroleum_total_thousand_barrels_lag2,petroleum_energy_billion_btu_lag1,petroleum_energy_billion_btu_lag2,natural_gas_total_billion_btu_lag1,natural_gas_total_billion_btu_lag2,renewable_total_billion_btu_lag1,renewable_total_billion_btu_lag2,natgas_supply_bcf_lag1,natgas_supply_bcf_lag2,price_yoy_pct,usage_yoy_pct,target_next_year_price,target_next_year_usage
2000,1.76821875,1.7595,32,CA,retailgasolineprices_ca.csv,65890.0,3571465.0,2456438.0,370066.0,2849.0,,,,,,,,,,,,,,,1.6773962264150943,72395.0
2001,1.6773962264150943,1.704,53,CA,retailgasolineprices_ca.csv,72395.0,3585715.0,2513856.0,325466.0,2681.0,1.76821875,,65890.0,,3571465.0,,2456438.0,,370066.0,,2849.0,,-0.05136385053314563,0.09872514797389598,1.560923076923077,72040.0
2002,1.560923076923077,1.6105,52,CA,retailgasolineprices_ca.csv,72040.0,3704382.0,2318656.0,355371.0,2591.0,1.6773962264150943,1.76821875,72395.0,65890.0,3585715.0,3571465.0,2513856.0,2456438.0,325466.0,370066.0,2681.0,2849.0,-0.06943687344578209,-0.004903653567235322,1.877903846153846,67577.0
2003,1.877903846153846,1.831,52,CA,retailgasolineprices_ca.csv,67577.0,3520087.0,2317062.0,406651.0,2450.0,1.560923076923077,1.6773962264150943,72040.0,72395.0,3704382.0,3585715.0,2318656.0,2513856.0,355371.0,325466.0,2591.0,2681.0,0.2030726394638278,-0.06195169350360907,2.1664038461538464,67499.0
2004,2.1664038461538464,2.173,52,CA,retailgasolineprices_ca.csv,67499.0,3670782.0,2462247.0,423563.0,2634.0,1.877903846153846,1.560923076923077,67577.0,72040.0,3520087.0,3704382.0,2317062.0,2318656.0,406651.0,355371.0,2450.0,2591.0,0.15362873908101315,-0.0011542388682539428,2.5172115384615386,69209.0
2005,2.5172115384615386,2.5045,52,CA,retailgasolineprices_ca.csv,69209.0,3741092.0,2304463.0,439340.0,3228.0,2.1664038461538464,1.877903846153846,67499.0,67577.0,3670782.0,3520087.0,2462247.0,2317062.0,423563.0,406651.0,2634.0,2450.0,0.16193088510736509,0.02533370864753559,2.8546730769230773,68041.0
2006,2.8546730769230773,2.758,52,CA,retailgasolineprices_ca.csv,68041.0,3786528.0,2375929.0,464148.0,2794.0,2.5172115384615386,2.1664038461538464,69209.0,67499.0,3741092.0,3670782.0,2304463.0,2462247.0,439340.0,423563.0,3228.0,2634.0,0.13406165246953683,-0.01687641780693261,3.1236415094339622,69299.0
2007,3.1236415094339622,3.19,53,CA,retailgasolineprices_ca.csv,69299.0,3795097.0,2467545.0,403528.0,2740.0,2.8546730769230773,2.5172115384615386,68041.0,69209.0,3786528.0,3741092.0,2375929.0,2304463.0,464148.0,439340.0,2794.0,3228.0,0.09422039766486812,0.018488852309636927,3.560711538461539,59587.0
2008,3.560711538461539,3.688,52,CA,retailgasolineprices_ca.csv,59587.0,3553537.0,2472612.0,397934.0,2406.0,3.1236415094339622,2.8546730769230773,69299.0,68041.0,3795097.0,3786528.0,2467545.0,2375929.0,403528.0,464148.0,2740.0,2794.0,0.13992323629569725,-0.1401463224577555,2.725134615384615,50878.0
2009,2.725134615384615,2.94,52,CA,retailgasolineprices_ca.csv,50878.0,3409620.0,2391374.0,419883.0,2773.0,3.560711538461539,3.1236415094339622,59587.0,69299.0,3553537.0,3795097.0,2472612.0,2467545.0,397934.0,403528.0,2406.0,2740.0,-0.23466571612199394,-0.14615604074714283,3.138173076923077,49642.0
2010,3.138173076923077,3.138,52,CA,retailgasolineprices_ca.csv,49642.0,3253819.0,2325411.0,492958.0,2647.0,2.725134615384615,3.560711538461539,50878.0,59587.0,3409620.0,3553537.0,2391374.0,2472612.0,419883.0,397934.0,2773.0,2406.0,0.15156625995892958,-0.024293407759738983,3.863384615384616,54406.0
2011,3.863384615384616,3.8835,52,CA,retailgasolineprices_ca.csv,54406.0,3183766.0,2196252.0,541230.0,2934.0,3.138173076923077,2.725134615384615,49642.0,50878.0,3253819.0,3409620.0,2325411.0,2391374.0,492958.0,419883.0,2647.0,2773.0,0.23109354413702254,0.09596712461222356,4.080924528301886,49057.0
2012,4.080924528301886,4.175,53,CA,retailgasolineprices_ca.csv,49057.0,3088263.0,2456371.0,495642.0,1999.0,3.863384615384616,3.138173076923077,54406.0,49642.0,3183766.0,3253819.0,2196252.0,2325411.0,541230.0,492958.0,2934.0,2647.0,0.05630811699435556,-0.09831636216593753,3.9333653846153847,53143.0
2013,3.9333653846153847,3.9805,52,CA,retailgasolineprices_ca.csv,53143.0,3076413.0,2480792.0,554027.0,1887.0,4.080924528301886,3.863384615384616,49057.0,54406.0,3088263.0,3183766.0,2456371.0,2196252.0,495642.0,541230.0,1999.0,2934.0,-0.03615826332076333,0.08329086572762301,3.7935961538461536,51146.0
2014,3.7935961538461536,3.8975,52,CA,retailgasolineprices_ca.csv,51146.0,3064557.0,2409574.0,560635.0,2107.0,3.9333653846153847,4.080924528301886,53143.0,49057.0,3076413.0,3088263.0,2480792.0,2456371.0,554027.0,495642.0,1887.0,1999.0,-0.035534260639988324,-0.03757785597350549,3.22075,50590.0
2015,3.22075,3.2075,52,CA,retailgasolineprices_ca.csv,50590.0,3169697.0,2384061.0,564184.0,1832.0,3.7935961538461536,3.9333653846153847,51146.0,53143.0,3064557.0,3076413.0,2409574.0,2480792.0,560635.0,554027.0,2107.0,1887.0,-0.15100346231250028,-0.010870840339420429,2.7820576923076925,52800.0
2016,2.7820576923076925,2.82,52,CA,retailgasolineprices_ca.csv,52800.0,3285086.0,2248939.0,645141.0,1340.0,3.22075,3.7935961538461536,50590.0,51146.0,3169697.0,3064557.0,2384061.0,2409574.0,564184.0,560635.0,1832.0,2107.0,-0.1362081216152472,0.04368452263293143,3.0798653846153843,52981.0
2017,3.0798653846153843,3.0685,52,CA,retailgasolineprices_ca.csv,52981.0,3365600.0,2190994.0,724945.0,1560.0,2.7820576923076925,3.22075,52800.0,50590.0,3285086.0,3169697.0,2248939.0,2384061.0,645141.0,564184.0,1340.0,1832.0,0.10704583629991626,0.003428030303030294,3.5512264150943396,53549.0
2018,3.5512264150943396,3.585,53,CA,retailgasolineprices_ca.csv,53549.0,3390054.0,2209801.0,690792.0,1451.0,3.0798653846153843,2.7820576923076925,52981.0,52800.0,3365600.0,3285086.0,2190994.0,2248939.0,724945.0,645141.0,1560.0,1340.0,0.1530459846828076,0.0107208244464998,3.677192307692308,52318.0
2019,3.677192307692308,3.668,52,CA,retailgasolineprices_ca.csv,52318.0,3372257.0,2218732.0,788792.0,1280.0,3.5512264150943396,3.0798653846153843,53549.0,52981.0,3390054.0,3365600.0,2209801.0,2190994.0,690792.0,724945.0,1451.0,1560.0,0.035471095862138036,-0.022988291097872926,3.132403846153846,48231.0
2020,3.132403846153846,3.133,52,CA,retailgasolineprices_ca.csv,48231.0,2660428.0,2153254.0,738376.0,1065.0,3.677192307692308,3.5512264150943396,52318.0,53549.0,3372257.0,3390054.0,2218732.0,2209801.0,788792.0,690792.0,1280.0,1451.0,-0.14815337789074023,-0.07811842960357807,4.100288461538462,75769.0
2021,4.100288461538462,4.224,52,CA,retailgasolineprices_ca.csv,75769.0,2959919.0,2172757.0,809581.0,1151.0,3.132403846153846,3.677192307692308,48231.0,52318.0,2660428.0,3372257.0,2153254.0,2218732.0,738376.0,788792.0,1065.0,1280.0,0.3089910059244252,0.5709605855155397,5.406076923076923,86743.0
2022,5.406076923076923,5.4879999999999995,52,CA,retailgasolineprices_ca.csv,86743.0,3017613.0,2131372.0,880835.0,1266.377524429874,4.100288461538462,3.132403846153846,75769.0,48231.0,2959919.0,2660428.0,2172757.0,2153254.0,809581.0,738376.0,1151.0,1065.0,0.31846258471495914,0.14483495888819964,4.879480769230769,107279.0
2023,4.879480769230769,4.79,52,CA,retailgasolineprices_ca.csv,107279.0,2992521.0,2154560.0,1064641.0,1199.1478827360843,5.406076923076923,4.100288461538462,86743.0,75769.0,3017613.0,2959919.0,2131372.0,2172757.0,880835.0,809581.0,1266.377524429874,1151.0,-0.09740818736749246,0.2367453281532803,4.64233962264151,120797.0
2024,4.64233962264151,4.552,53,CA,retailgasolineprices_ca.csv,120797.0,2981768.0,2010464.0,,1131.9182410422654,4.879480769230769,5.406076923076923,107279.0,86743.0,2992521.0,3017613.0,2154560.0,2131372.0,1064641.0,880835.0,1199.1478827360843,1266.377524429874,-0.048599668244341365,0.1260078859795486,4.528365384615385,
2025,4.528365384615385,4.5435,52,CA,retailgasolineprices_ca.csv,,,,,1064.6885993484466,4.64233962264151,4.879480769230769,120797.0,107279.0,2981768.0,2992521.0,2010464.0,2154560.0,,1064641.0,1131.9182410422654,1199.1478827360843,-0.024551034023933216,,4.9185,
2026,4.9185,4.5755,16,CA,retailgasolineprices_ca.csv,,,,,997.4589576546277,4.528365384615385,4.64233962264151,,120797.0,,2981768.0,,2010464.0,,,1064.6885993484466,1131.9182410422654,0.08615351948189831,,,
2000,1.6813333333333331,1.669,30,NY,retailgasolineprices_ny.csv,15988.0,1604698.0,1278811.0,261307.0,322.0,,,,,,,,,,,,,,,1.5635849056603774,17194.0
2001,1.5635849056603774,1.574,53,NY,retailgasolineprices_ny.csv,17194.0,1625732.0,1204885.0,191219.0,318.0,1.6813333333333331,,15988.0,,1604698.0,,1278811.0,,261307.0,,322.0,,-0.07003276824323301,0.07543157368026021,1.4936730769230768,14979.0
2002,1.4936730769230768,1.5415,52,NY,retailgasolineprices_ny.csv,14979.0,1560207.0,1227223.0,194413.0,315.0,1.5635849056603774,1.6813333333333331,17194.0,15988.0,1625732.0,1604698.0,1204885.0,1278811.0,191219.0,261307.0,318.0,322.0,-0.044712524714334845,-0.1288240083750145,1.7321923076923076,14955.0
2003,1.7321923076923076,1.7160000000000002,52,NY,retailgasolineprices_ny.csv,14955.0,1760002.0,1131344.0,196092.0,365.0,1.4936730769230768,1.5635849056603774,14979.0,17194.0,1560207.0,1625732.0,1227223.0,1204885.0,194413.0,191219.0,315.0,318.0,0.1596863694300319,-0.0016022431403965864,2.03925,18701.0
2004,2.03925,2.0735,52,NY,retailgasolineprices_ny.csv,18701.0,1823746.0,1126597.0,224085.0,324.0,1.7321923076923076,1.4936730769230768,14955.0,14979.0,1760002.0,1560207.0,1131344.0,1227223.0,196092.0,194413.0,365.0,315.0,0.17726535959322343,0.2504847876964227,2.454846153846154,20911.0
2005,2.454846153846154,2.3735,52,NY,retailgasolineprices_ny.csv,20911.0,1807239.0,1107206.0,203326.0,349.0,2.03925,1.7321923076923076,18701.0,14955.0,1823746.0,1760002.0,1126597.0,1131344.0,224085.0,196092.0,324.0,365.0,0.2037985307569714,0.1181754986364365,2.8000576923076923,17960.0
2006,2.8000576923076923,2.6755,52,NY,retailgasolineprices_ny.csv,17960.0,1556773.0,1120196.0,218253.0,363.0,2.454846153846154,2.03925,20911.0,18701.0,1807239.0,1823746.0,1107206.0,1126597.0,203326.0,224085.0,349.0,324.0,0.14062451038761625,-0.14112189756587445,2.9984905660377357,15583.0
2007,2.9984905660377357,3.049,53,NY,retailgasolineprices_ny.csv,15583.0,1562784.0,1214349.0,222090.0,376.0,2.8000576923076923,2.454846153846154,17960.0,20911.0,1556773.0,1807239.0,1120196.0,1107206.0,218253.0,203326.0,363.0,349.0,0.0708674232945905,-0.13234966592427622,3.499576923076923,14618.0
2008,3.499576923076923,3.49,52,NY,retailgasolineprices_ny.csv,14618.0,1480358.0,1205137.0,247215.0,389.0,2.9984905660377357,2.8000576923076923,15583.0,17960.0,1562784.0,1556773.0,1214349.0,1120196.0,222090.0,218253.0,376.0,363.0,0.16711286762570432,-0.06192645831996402,2.5721538461538462,14423.0
2009,2.5721538461538462,2.771,52,NY,retailgasolineprices_ny.csv,14423.0,1385817.0,1166614.0,218597.0,196.0,3.499576923076923,2.9984905660377357,14618.0,15583.0,1480358.0,1562784.0,1205137.0,1214349.0,247215.0,222090.0,389.0,376.0,-0.2650100561606348,-0.013339718155698455,2.9995,13054.0
2010,2.9995,2.9615,52,NY,retailgasolineprices_ny.csv,13054.0,1486624.0,1224484.0,226403.0,281.0,2.5721538461538462,3.499576923076923,14423.0,14618.0,1385817.0,1480358.0,1166614.0,1205137.0,218597.0,247215.0,196.0,389.0,0.16614331000657923,-0.09491783956181099,3.803923076923077,11643.0
2011,3.803923076923077,3.8345,52,NY,retailgasolineprices_ny.csv,11643.0,1388670.0,1247757.0,240517.0,253.0,2.9995,2.5721538461538462,13054.0,14423.0,1486624.0,1385817.0,1224484.0,1166614.0,226403.0,218597.0,281.0,196.0,0.2681857232615694,-0.1080894744905776,3.9381509433962263,10549.0
2012,3.9381509433962263,3.963,53,NY,retailgasolineprices_ny.csv,10549.0,1342987.0,1260950.0,226194.0,184.0,3.803923076923077,2.9995,11643.0,13054.0,1388670.0,1486624.0,1247757.0,1224484.0,240517.0,226403.0,253.0,281.0,0.03528669317407007,-0.09396203727561625,3.8373846153846154,10113.0
2013,3.8373846153846154,3.801,52,NY,retailgasolineprices_ny.csv,10113.0,1330469.0,1315282.0,242438.0,144.0,3.9381509433962263,3.803923076923077,10549.0,11643.0,1342987.0,1388670.0,1260950.0,1247757.0,226194.0,240517.0,184.0,253.0,-0.025587218331634354,-0.04133093184188075,3.6972115384615383,10433.0
2014,3.6972115384615383,3.78,52,NY,retailgasolineprices_ny.csv,10433.0,1382122.0,1392378.0,252145.0,143.0,3.8373846153846154,3.9381509433962263,10113.0,10549.0,1330469.0,1342987.0,1315282.0,1260950.0,242438.0,226194.0,144.0,184.0,-0.0365282844886341,0.03164244042321762,2.6672307692307693,10806.0
2015,2.6672307692307693,2.647,52,NY,retailgasolineprices_ny.csv,10806.0,1383843.0,1396693.0,266962.0,104.0,3.6972115384615383,3.8373846153846154,10433.0,10113.0,1382122.0,1330469.0,1392378.0,1315282.0,252145.0,242438.0,143.0,144.0,-0.2785831317781071,0.035751940956580075,2.3610192307692306,11628.0
2016,2.3610192307692306,2.412,52,NY,retailgasolineprices_ny.csv,11628.0,1383047.0,1336455.0,269722.0,120.0,2.6672307692307693,3.6972115384615383,10806.0,10433.0,1383843.0,1382122.0,1396693.0,1392378.0,266962.0,252145.0,104.0,143.0,-0.114805041241276,0.07606885063853408,2.619153846153846,10275.0
2017,2.619153846153846,2.5905,52,NY,retailgasolineprices_ny.csv,10275.0,1379707.0,1276905.0,283969.0,104.0,2.3610192307692306,2.6672307692307693,11628.0,10806.0,1383047.0,1383843.0,1336455.0,1396693.0,269722.0,266962.0,120.0,104.0,0.1093318563527812,-0.1163570691434469,2.8946981132075473,10054.0
2018,2.8946981132075473,2.968,53,NY,retailgasolineprices_ny.csv,10054.0,1420826.0,1393657.0,289292.0,102.0,2.619153846153846,2.3610192307692306,10275.0,11628.0,1379707.0,1383047.0,1276905.0,1336455.0,283969.0,269722.0,104.0,120.0,0.1052035440599759,-0.021508515815085172,2.730057692307692,9997.0
2019,2.730057692307692,2.712,52,NY,retailgasolineprices_ny.csv,9997.0,1384130.0,1337750.0,291996.0,81.0,2.8946981132075473,2.619153846153846,10054.0,10275.0,1420826.0,1379707.0,1393657.0,1276905.0,289292.0,283969.0,102.0,104.0,-0.05687654272086462,-0.005669385319275855,2.3238653846153845,9521.0
2020,2.3238653846153845,2.2554999999999996,52,NY,retailgasolineprices_ny.csv,9521.0,1064267.0,1305282.0,260783.0,115.0,2.730057692307692,2.8946981132075473,9997.0,10054.0,1384130.0,1420826.0,1337750.0,1393657.0,291996.0,289292.0,81.0,102.0,-0.1487852468600973,-0.04761428428528558,3.105038461538461,11150.0
2021,3.105038461538461,3.1710000000000003,52,NY,retailgasolineprices_ny.csv,11150.0,1237586.0,1359437.0,263945.0,92.0,2.3238653846153845,2.730057692307692,9521.0,9997.0,1064267.0,1384130.0,1305282.0,1337750.0,260783.0,291996.0,115.0,81.0,0.3361524648091292,0.1710954731645835,4.1052307692307695,10229.0
2022,4.1052307692307695,4.0205,52,NY,retailgasolineprices_ny.csv,10229.0,1321398.0,1403401.0,269872.0,173.9898989899002,3.105038461538461,2.3238653846153845,11150.0,9521.0,1237586.0,1064267.0,1359437.0,1305282.0,263945.0,260783.0,92.0,115.0,0.32211913639122547,-0.0826008968609866,3.661326923076923,11831.0
2023,3.661326923076923,3.682,52,NY,retailgasolineprices_ny.csv,11831.0,1332140.0,1345406.0,272646.0,170.38462889767288,4.1052307692307695,3.105038461538461,10229.0,11150.0,1321398.0,1237586.0,1403401.0,1359437.0,269872.0,263945.0,173.9898989899002,92.0,-0.10813127716983961,0.15661354971160435,3.428037735849057,10903.0
2024,3.428037735849057,3.4,53,NY,retailgasolineprices_ny.csv,10903.0,1310779.0,1366998.0,,166.77935880544646,3.661326923076923,4.1052307692307695,11831.0,10229.0,1332140.0,1321398.0,1345406.0,1403401.0,272646.0,269872.0,170.38462889767288,173.9898989899002,-0.06371711462242591,-0.07843800185952154,3.183903846153846,
2025,3.183903846153846,3.1864999999999997,52,NY,retailgasolineprices_ny.csv,,,,,163.17408871322004,3.428037735849057,3.661326923076923,10903.0,11831.0,1310779.0,1332140.0,1366998.0,1345406.0,,272646.0,166.77935880544646,170.38462889767288,-0.0712168034622711,,3.4091875,
2026,3.4091875,3.0355,16,NY,retailgasolineprices_ny.csv,,,,,159.56881862099362,3.183903846153846,3.428037735849057,,10903.0,,1310779.0,,1366998.0,,,163.17408871322004,166.77935880544646,0.07075705320633241,,,
